name;category
ТЗ для дизайнеров;Разработка тз для постановки задачи
ТЗ для SEO оптимизаторов;Разработка тз для постановки задачи
ТЗ для архитекторов;Разработка тз для постановки задачи
ТЗ для инженера;Разработка тз для постановки задачи
ТЗ для маркетолога;Разработка тз для постановки задачи
ТЗ для писателя ;Разработка тз для постановки задачи
ТЗ для писателя /контенщика;Разработка тз для постановки задачи
ТЗ для программиста;Разработка тз для постановки задачи
ТЗ для рекламщика;Разработка тз для постановки задачи
ТЗ на разработку сайта;Разработка тз для постановки задачи
ТЗ на создание контента;Разработка тз для постановки задачи
Аналитика данных;Информатика и аналитика
Консультанты по визуализации данных;Информатика и аналитика
Разработчики Tableau;Информатика и аналитика
Разработчики и программисты R;Информатика и аналитика
Специалисты по Microsoft Power BI;Информатика и аналитика
Специалисты по анализу данных;Информатика и аналитика
Разработчики Magento;Разработки в сфере электронной коммерции
Разработчики Shopify;Разработки в сфере электронной коммерции
Разработчики SquareSpace;Разработки в сфере электронной коммерции
Разработчики WooCommerce;Разработки в сфере электронной коммерции
Разработчики электронной коммерции;Разработки в сфере электронной коммерции
3D Моделирование для игр;Разработка игр
Flash/Flex-программирование;Разработка игр
Unity;Разработка игр
VR (виртуальная реальность);Разработка игр
Дизайнеры игр;Разработка игр
Концепт/Эскизы;Разработка игр
Макросы для игр;Разработка игр
Озвучивание игр;Разработка игр
Пиксел-арт;Разработка игр
Программирование игр;Разработка игр
Разработчики Unity;Разработка игр
Разработчики Unreal Engine;Разработка игр
Разработчики виртуальной реальности;Разработка игр
Разработчики дополненной реальности;Разработка игр
Разработчики игр;Разработка игр
Рисунки и иллюстрации;Разработка игр
Тестирование игр (QA);Разработка игр
Администраторы баз данных;IT и сети
Аналитики по информационной безопасности;IT и сети
Облачные вычисления;IT и сети
Разработчики AWS;IT и сети
Сетевые инженеры;IT и сети
Системные администраторы;IT и сети
Специалисты по технической поддержке;IT и сети
1С Битрикс;Разработка и настройка веб-сайтов
Wap/PDA-сайты;Разработка и настройка веб-сайтов
WordPress;Разработка и настройка веб-сайтов
Адаптивный дизайн;Разработка и настройка веб-сайтов
Веб-программирование;Разработка и настройка веб-сайтов
Веб-сайт «под ключ»;Разработка и настройка веб-сайтов
Верстка;Разработка и настройка веб-сайтов
Дизайн веб-сайтов;Разработка и настройка веб-сайтов
Доработка веб-сайта;Разработка и настройка веб-сайтов
Защита и лечение веб-сайта;Разработка и настройка веб-сайтов
Интернет-магазины;Разработка и настройка веб-сайтов
Исправление ошибок;Разработка и настройка веб-сайтов
Контент-менеджер;Разработка и настройка веб-сайтов
Копирайтинг;Разработка и настройка веб-сайтов
Лендинги;Разработка и настройка веб-сайтов
Веб менеджер проектов ;Разработка и настройка веб-сайтов
Настройка веб-сайта;Разработка и настройка веб-сайтов
Плагины и темы;Разработка и настройка веб-сайтов
Проектирование веб-сайтов;Разработка и настройка веб-сайтов
Системы администрирования (CMS);Разработка и настройка веб-сайтов
Создание веб-сайтов;Разработка и настройка веб-сайтов
Тильда;Разработка и настройка веб-сайтов
Ускорение веб-сайта;Разработка и настройка веб-сайтов
Флеш-сайты;Разработка и настройка веб-сайтов
Юзабилити-анализ;Разработка и настройка веб-сайтов
Разработчики WindowsPhone;Разработка мобильных приложений
Дизайн приложений;Разработка мобильных приложений
Прототипирование;Разработка мобильных приложений
Разработчики Android;Разработка мобильных приложений
Разработчики API;Разработка мобильных приложений
Разработчики iOS;Разработка мобильных приложений
Разработчики мобильных приложений;Разработка мобильных приложений
Разработчики приложений для Android;Разработка мобильных приложений
Java Разработчики;Разработка
.NET Разработчики ;Разработка
Angular.js Разработчики ;Разработка
C# Разработчики и программисты ;Разработка
Deploy Инженеры;Разработка
DevOps Инженеры;Разработка
Django Разработчики ;Разработка
Full Stack Разработчики и программисты;Разработка
Golang Разработчики ;Разработка
Microsoft Access Разработчики ;Разработка
Node.js Разработчики и программисты ;Разработка
Python Разработчики ;Разработка
React Native Разработчики ;Разработка
React.js Разработчики ;Разработка
SQL Разработчики ;Разработка
Vue.js Разработчики;Разработка
Кодеры;Разработка
Разработчики программного обеспечения;Разработка
Back-End разработчики;Веб-разработка и дизайн
Front-End разработчики;Веб-разработка и дизайн
PHP-разработчики;Веб-разработка и дизайн
UX дизайнеры;Веб-разработка и дизайн
Веб-дизайнеры;Веб-разработка и дизайн
Веб-разработчики;Веб-разработка и дизайн
Программисты и разработчики C++;Веб-разработка и дизайн
Разработчики CSS;Веб-разработка и дизайн
Разработчики JavaScript;Веб-разработка и дизайн
Разработчики Ruby on Rails;Веб-разработка и дизайн
Разработчики WordPress ;Веб-разработка и дизайн
1С;Программирование
1С-программирование;Программирование
Blockchain;Программирование
QA тестирование;Программирование
QA автоматизация;Программирование
Базы данных;Программирование
Встраиваемые системы программирования;Программирование
Готовые программы;Программирование
Десктоп программирование;Программирование
Защита информации;Программирование
Интерактивные приложения;Программирование
Макросы для Office;Программирование
Машинное обучение;Программирование
Организация мониторинга;Программирование
Парсинг данных;Программирование
Плагины/Сценарии/Утилиты;Программирование
Прикладное программирование;Программирование
Программирование для сотовых телефонов и КПК;Программирование
Программы на заказ;Программирование
Проектирование;Программирование
Разработка CRM и ERP;Программирование
Разработка технической документации;Программирование
Разработка Чат-ботов;Программирование
Системное программирование;Программирование
Системный администратор;Программирование
Создание скриптов;Программирование
Управление проектами разработки;Программирование
Аудит информационной безопасности;Информационная безопасность
Разработка инфраструктуры информационной безопасности;Информационная безопасность
Специалист по Информационной безопасности;Информационная безопасность
IT;Тестирование
IT-архитектура;Тестирование
Аналитика;Тестирование
Блокчейн;Тестирование
Дизайн;Тестирование
Игры;Тестирование
Маркетинг;Тестирование
Программирование;Тестирование
Продукт и проекты;Тестирование
Администрирование сервера;Сервер и хостинг
Домены;Сервер и хостинг
Хостинг;Сервер и хостинг
Amazon Fire;Специалисты по смартфонам, планшетам и компьютерам
Amazon Kindle;Специалисты по смартфонам, планшетам и компьютерам
Android;Специалисты по смартфонам, планшетам и компьютерам
Appcelerator Titanium;Специалисты по смартфонам, планшетам и компьютерам
Apple Watch;Специалисты по смартфонам, планшетам и компьютерам
Blackberry;Специалисты по смартфонам, планшетам и компьютерам
iPad;Специалисты по смартфонам, планшетам и компьютерам
iPhone;Специалисты по смартфонам, планшетам и компьютерам
J2ME;Специалисты по смартфонам, планшетам и компьютерам
Kotlin;Специалисты по смартфонам, планшетам и компьютерам
Metro;Специалисты по смартфонам, планшетам и компьютерам
Nokia;Специалисты по смартфонам, планшетам и компьютерам
Palm;Специалисты по смартфонам, планшетам и компьютерам
Salesforce Lightning;Специалисты по смартфонам, планшетам и компьютерам
Samsung;Специалисты по смартфонам, планшетам и компьютерам
Symbian;Специалисты по смартфонам, планшетам и компьютерам
WebOS;Специалисты по смартфонам, планшетам и компьютерам
Windows CE;Специалисты по смартфонам, планшетам и компьютерам
Windows Mobile;Специалисты по смартфонам, планшетам и компьютерам
Windows Phone;Специалисты по смартфонам, планшетам и компьютерам
Анализ удобства использования приложений;Специалисты по смартфонам, планшетам и компьютерам
Виртуализация;Специалисты по смартфонам, планшетам и компьютерам
Геолокация;Специалисты по смартфонам, планшетам и компьютерам
Оптимизация магазина приложений;Специалисты по смартфонам, планшетам и компьютерам
A# (Axiom);Языки программирования на А,B,C
A# .NET;Языки программирования на А,B,C
A++;Языки программирования на А,B,C
ABAP;Языки программирования на А,B,C
ABC;Языки программирования на А,B,C
ABC ALGOL;Языки программирования на А,B,C
ABLE;Языки программирования на А,B,C
ABSET;Языки программирования на А,B,C
ABSYS;Языки программирования на А,B,C
ACC;Языки программирования на А,B,C
Accent;Языки программирования на А,B,C
Ace DASL;Языки программирования на А,B,C
ACT-III;Языки программирования на А,B,C
ActionScript;Языки программирования на А,B,C
AMOS;Языки программирования на А,B,C
AppleScript;Языки программирования на А,B,C
ARC;Языки программирования на А,B,C
AutoHotkey;Языки программирования на А,B,C
Bash;Языки программирования на А,B,C
bc;Языки программирования на А,B,C
BCPL;Языки программирования на А,B,C
BeanShell;Языки программирования на А,B,C
BETA;Языки программирования на А,B,C
Bigwig;Языки программирования на А,B,C
Bistro;Языки программирования на А,B,C
BLISS;Языки программирования на А,B,C
Blitz Basic;Языки программирования на А,B,C
Blue;Языки программирования на А,B,C
Boo;Языки программирования на А,B,C
Bourne shell;Языки программирования на А,B,C
BPEL — Business Process Execution Language;Языки программирования на А,B,C
Brackets;Языки программирования на А,B,C
Brainfuck;Языки программирования на А,B,C
BUGSYS;Языки программирования на А,B,C
BuildProfessional;Языки программирования на А,B,C
BYOND;Языки программирования на А,B,C
C--;Языки программирования на А,B,C
C shell (csh);Языки программирования на А,B,C
C# — ISO/IEC 23270;Языки программирования на А,B,C
C++ — ISO/IEC 14882;Языки программирования на А,B,C
Caché ObjectScript — См. также Caché Basic;Языки программирования на А,B,C
Caml;Языки программирования на А,B,C
Cat;Языки программирования на А,B,C
Cayenne;Языки программирования на А,B,C
Cecil;Языки программирования на А,B,C
Cesil;Языки программирования на А,B,C
CFML;Языки программирования на А,B,C
Cg;Языки программирования на А,B,C
Ch interpreter (C/C++ интерпретатор Ch);Языки программирования на А,B,C
CHAIN;Языки программирования на А,B,C
Chapel;Языки программирования на А,B,C
Charity;Языки программирования на А,B,C
Chef;Языки программирования на А,B,C
CHILL;Языки программирования на А,B,C
CHIP-8;Языки программирования на А,B,C
chomski;Языки программирования на А,B,C
Chrome;Языки программирования на А,B,C
ChucK;Языки программирования на А,B,C
CICS;Языки программирования на А,B,C
Cilk;Языки программирования на А,B,C
CL;Языки программирования на А,B,C
Clarion;Языки программирования на А,B,C
Clean;Языки программирования на А,B,C
Clipper;Языки программирования на А,B,C
CLIST;Языки программирования на А,B,C
Clojure;Языки программирования на А,B,C
CLU;Языки программирования на А,B,C
CMS-2;Языки программирования на А,B,C
CobolScript;Языки программирования на А,B,C
Cobra;Языки программирования на А,B,C
CODE;Языки программирования на А,B,C
Code editor;Языки программирования на А,B,C
ColdFusion;Языки программирования на А,B,C
COMAL;Языки программирования на А,B,C
COMIT;Языки программирования на А,B,C
Common Intermediate Language (CIL);Языки программирования на А,B,C
Common Lisp;Языки программирования на А,B,C
Concurrent Clean;Языки программирования на А,B,C
Constraint Handling Rules;Языки программирования на А,B,C
Converge;Языки программирования на А,B,C
CORAL66;Языки программирования на А,B,C
CorVision;Языки программирования на А,B,C
COWSEL;Языки программирования на А,B,C
CPL;Языки программирования на А,B,C
Csound;Языки программирования на А,B,C
CSP;Языки программирования на А,B,C
CSS;Языки программирования на А,B,C
Curl;Языки программирования на А,B,C
Curry;Языки программирования на А,B,C
Cyclone;Языки программирования на А,B,C
D;Языки программирования на D,E,F,G
Dao;Языки программирования на D,E,F,G
DarkBASIC;Языки программирования на D,E,F,G
DarkBASIC Professional;Языки программирования на D,E,F,G
DASL — Datapoint's Advanced Systems Language;Языки программирования на D,E,F,G
DASL - Distributed Application Specification Language;Языки программирования на D,E,F,G
Dataflex;Языки программирования на D,E,F,G
Datalog;Языки программирования на D,E,F,G
dBASE;Языки программирования на D,E,F,G
dc;Языки программирования на D,E,F,G
DCL;Языки программирования на D,E,F,G
Deesel (прежний G);Языки программирования на D,E,F,G
Delphi;Языки программирования на D,E,F,G
Dialect;Языки программирования на D,E,F,G
Dialog Manager;Языки программирования на D,E,F,G
DIBOL;Языки программирования на D,E,F,G
DinkC;Языки программирования на D,E,F,G
DL/I;Языки программирования на D,E,F,G
Dylan;Языки программирования на D,E,F,G
E;Языки программирования на D,E,F,G
Ease;Языки программирования на D,E,F,G
EASY;Языки программирования на D,E,F,G
Easy PL/I;Языки программирования на D,E,F,G
EASYTRIEVE PLUS;Языки программирования на D,E,F,G
ECMAScript;Языки программирования на D,E,F,G
Edinburgh IMP;Языки программирования на D,E,F,G
EGL Programming Language (EGL);Языки программирования на D,E,F,G
Einstein;Языки программирования на D,E,F,G
Elan;Языки программирования на D,E,F,G
Elena;Языки программирования на D,E,F,G
Emacs Lisp;Языки программирования на D,E,F,G
Epigram;Языки программирования на D,E,F,G
Erlang;Языки программирования на D,E,F,G
Escapade — программирование сервера;Языки программирования на D,E,F,G
Esterel;Языки программирования на D,E,F,G
Euclid;Языки программирования на D,E,F,G
Euler;Языки программирования на D,E,F,G
Euphoria;Языки программирования на D,E,F,G
EXEC;Языки программирования на D,E,F,G
EXEC2;Языки программирования на D,E,F,G
F#;Языки программирования на D,E,F,G
Factor;Языки программирования на D,E,F,G
Falcon;Языки программирования на D,E,F,G
Fan;Языки программирования на D,E,F,G
Felix;Языки программирования на D,E,F,G
Ferite;Языки программирования на D,E,F,G
Fjölnir;Языки программирования на D,E,F,G
FL;Языки программирования на D,E,F,G
FLOW-MATIC;Языки программирования на D,E,F,G
FOCUS;Языки программирования на D,E,F,G
FOIL;Языки программирования на D,E,F,G
FORMAC;Языки программирования на D,E,F,G
Formula language;Языки программирования на D,E,F,G
Forth;Языки программирования на D,E,F,G
Fortran — ISO/IEC 1539;Языки программирования на D,E,F,G
Fortress;Языки программирования на D,E,F,G
FoxPro;Языки программирования на D,E,F,G
FP;Языки программирования на D,E,F,G
Franz Lisp;Языки программирования на D,E,F,G
Frink;Языки программирования на D,E,F,G
F-Script;Языки программирования на D,E,F,G
Fuxi Programming Language;Языки программирования на D,E,F,G
G (LabVIEW);Языки программирования на D,E,F,G
Gambas;Языки программирования на D,E,F,G
Game Maker Language;Языки программирования на D,E,F,G
GAP;Языки программирования на D,E,F,G
G-code;Языки программирования на D,E,F,G
General Algebraic Modeling System;Языки программирования на D,E,F,G
Generic Java;Языки программирования на D,E,F,G
Gibiane;Языки программирования на D,E,F,G
GM;Языки программирования на D,E,F,G
Go;Языки программирования на D,E,F,G
Gödel;Языки программирования на D,E,F,G
Godiva;Языки программирования на D,E,F,G
GOTRAN (см. IBM 1620);Языки программирования на D,E,F,G
GPSS;Языки программирования на D,E,F,G
GraphTalk;Языки программирования на D,E,F,G
GRASS;Языки программирования на D,E,F,G
Green;Языки программирования на D,E,F,G
Groovy;Языки программирования на D,E,F,G
HAL/S;Языки программирования на H, I, J, K, L, M
HAScript;Языки программирования на H, I, J, K, L, M
Haskell;Языки программирования на H, I, J, K, L, M
HaXe;Языки программирования на H, I, J, K, L, M
High Level Assembly;Языки программирования на H, I, J, K, L, M
Hop;Языки программирования на H, I, J, K, L, M
html;Языки программирования на H, I, J, K, L, M
HyperTalk;Языки программирования на H, I, J, K, L, M
IBM Basic assembly language;Языки программирования на H, I, J, K, L, M
IBM RPG;Языки программирования на H, I, J, K, L, M
ICI;Языки программирования на H, I, J, K, L, M
Icon;Языки программирования на H, I, J, K, L, M
IDL;Языки программирования на H, I, J, K, L, M
Idle;Языки программирования на H, I, J, K, L, M
IMP;Языки программирования на H, I, J, K, L, M
Inform;Языки программирования на H, I, J, K, L, M
Information Processing Language (IPL);Языки программирования на H, I, J, K, L, M
Informix-4GL;Языки программирования на H, I, J, K, L, M
Interactive System Productivity Facility;Языки программирования на H, I, J, K, L, M
Io;Языки программирования на H, I, J, K, L, M
IPTSCRAE;Языки программирования на H, I, J, K, L, M
Ivy;Языки программирования на H, I, J, K, L, M
J;Языки программирования на H, I, J, K, L, M
JADE;Языки программирования на H, I, J, K, L, M
Jal;Языки программирования на H, I, J, K, L, M
Janus;Языки программирования на H, I, J, K, L, M
JASS;Языки программирования на H, I, J, K, L, M
Java;Языки программирования на H, I, J, K, L, M
Java EE;Языки программирования на H, I, J, K, L, M
Java ME;Языки программирования на H, I, J, K, L, M
JavaScript;Языки программирования на H, I, J, K, L, M
JCL;Языки программирования на H, I, J, K, L, M
Join Java;Языки программирования на H, I, J, K, L, M
JOSS;Языки программирования на H, I, J, K, L, M
Joule;Языки программирования на H, I, J, K, L, M
JOVIAL;Языки программирования на H, I, J, K, L, M
Joy;Языки программирования на H, I, J, K, L, M
JScript;Языки программирования на H, I, J, K, L, M
JSP;Языки программирования на H, I, J, K, L, M
K;Языки программирования на H, I, J, K, L, M
KEE;Языки программирования на H, I, J, K, L, M
Kiev;Языки программирования на H, I, J, K, L, M
Kite;Языки программирования на H, I, J, K, L, M
Korn Shell;Языки программирования на H, I, J, K, L, M
KRC;Языки программирования на H, I, J, K, L, M
KRYPTON;Языки программирования на H, I, J, K, L, M
L;Языки программирования на H, I, J, K, L, M
LabVIEW;Языки программирования на H, I, J, K, L, M
Ladder;Языки программирования на H, I, J, K, L, M
Lagoona;Языки программирования на H, I, J, K, L, M
LANSA;Языки программирования на H, I, J, K, L, M
Lasso;Языки программирования на H, I, J, K, L, M
Lava;Языки программирования на H, I, J, K, L, M
Lead;Языки программирования на H, I, J, K, L, M
Leadwerks Script;Языки программирования на H, I, J, K, L, M
Leda;Языки программирования на H, I, J, K, L, M
Legoscript;Языки программирования на H, I, J, K, L, M
Lexico;Языки программирования на H, I, J, K, L, M
Liberty BASIC;Языки программирования на H, I, J, K, L, M
Limbo;Языки программирования на H, I, J, K, L, M
Limnor;Языки программирования на H, I, J, K, L, M
LINC;Языки программирования на H, I, J, K, L, M
Lingo;Языки программирования на H, I, J, K, L, M
LISA (Language for Instruction Set Architecture);Языки программирования на H, I, J, K, L, M
Lisaac;Языки программирования на H, I, J, K, L, M
LISP;Языки программирования на H, I, J, K, L, M
LOLCODE;Языки программирования на H, I, J, K, L, M
LPC;Языки программирования на H, I, J, K, L, M
LSE;Языки программирования на H, I, J, K, L, M
LSL;Языки программирования на H, I, J, K, L, M
Lua;Языки программирования на H, I, J, K, L, M
Lucid;Языки программирования на H, I, J, K, L, M
Lush;Языки программирования на H, I, J, K, L, M
Lustre;Языки программирования на H, I, J, K, L, M
LYaPAS;Языки программирования на H, I, J, K, L, M
M4;Языки программирования на H, I, J, K, L, M
MacRuby;Языки программирования на H, I, J, K, L, M
MAD;Языки программирования на H, I, J, K, L, M
Magik;Языки программирования на H, I, J, K, L, M
Magma;Языки программирования на H, I, J, K, L, M
MapBasic;Языки программирования на H, I, J, K, L, M
Maple;Языки программирования на H, I, J, K, L, M
MAPPER (Unisys/Sperry) сейчас часть BIS;Языки программирования на H, I, J, K, L, M
MARK-IV;Языки программирования на H, I, J, K, L, M
Mary;Языки программирования на H, I, J, K, L, M
Mathematica;Языки программирования на H, I, J, K, L, M
Maxima (см. также Macsyma);Языки программирования на H, I, J, K, L, M
MaxScript внутренний язык 3D Studio Max;Языки программирования на H, I, J, K, L, M
Maya (MEL);Языки программирования на H, I, J, K, L, M
Mercury;Языки программирования на H, I, J, K, L, M
Mesa;Языки программирования на H, I, J, K, L, M
Metalua;Языки программирования на H, I, J, K, L, M
MetaQuotes Language (MQL4/MQL5);Языки программирования на H, I, J, K, L, M
Michigan Algorithm Decoder см. MAD programming language;Языки программирования на H, I, J, K, L, M
Microcode;Языки программирования на H, I, J, K, L, M
MicroScript;Языки программирования на H, I, J, K, L, M
Microsoft Access;Языки программирования на H, I, J, K, L, M
Microsoft Visual Studio;Языки программирования на H, I, J, K, L, M
MillScript;Языки программирования на H, I, J, K, L, M
MIMIC;Языки программирования на H, I, J, K, L, M
Mindscript;Языки программирования на H, I, J, K, L, M
MIVA Script;Языки программирования на H, I, J, K, L, M
ML;Языки программирования на H, I, J, K, L, M
Moby;Языки программирования на H, I, J, K, L, M
Model 204 User Language;Языки программирования на H, I, J, K, L, M
Modula;Языки программирования на H, I, J, K, L, M
Mondrian;Языки программирования на H, I, J, K, L, M
Mortran;Языки программирования на H, I, J, K, L, M
Moto;Языки программирования на H, I, J, K, L, M
MOUSE;Языки программирования на H, I, J, K, L, M
MSIL — отклонённое название для Common Intermediate Language;Языки программирования на H, I, J, K, L, M
MSL;Языки программирования на H, I, J, K, L, M
MUMPS;Языки программирования на H, I, J, K, L, M
Napier88;Языки программирования на N, O, P, Q, R
Natural;Языки программирования на N, O, P, Q, R
NEAT;Языки программирования на N, O, P, Q, R
Nemerle;Языки программирования на N, O, P, Q, R
NESL;Языки программирования на N, O, P, Q, R
Net.Data;Языки программирования на N, O, P, Q, R
NewLISP;Языки программирования на N, O, P, Q, R
NewtonScript;Языки программирования на N, O, P, Q, R
NGL;Языки программирования на N, O, P, Q, R
Nial;Языки программирования на N, O, P, Q, R
Nice;Языки программирования на N, O, P, Q, R
Nickle;Языки программирования на N, O, P, Q, R
Nosica;Языки программирования на N, O, P, Q, R
Npiet;Языки программирования на N, O, P, Q, R
NQC;Языки программирования на N, O, P, Q, R
Nu;Языки программирования на N, O, P, Q, R
NXC;Языки программирования на N, O, P, Q, R
NXT-G Lego Mindstorm;Языки программирования на N, O, P, Q, R
o:XML;Языки программирования на N, O, P, Q, R
Object Lisp;Языки программирования на N, O, P, Q, R
Object Pascal;Языки программирования на N, O, P, Q, R
Objective-C;Языки программирования на N, O, P, Q, R
Objective-J;Языки программирования на N, O, P, Q, R
ObjectLOGO;Языки программирования на N, O, P, Q, R
Obliq;Языки программирования на N, O, P, Q, R
OCaml (Objective Caml);Языки программирования на N, O, P, Q, R
Occam;Языки программирования на N, O, P, Q, R
occam-π;Языки программирования на N, O, P, Q, R
Octave;Языки программирования на N, O, P, Q, R
OmniMark;Языки программирования на N, O, P, Q, R
Opal;Языки программирования на N, O, P, Q, R
Open programming language;Языки программирования на N, O, P, Q, R
OPS5;Языки программирования на N, O, P, Q, R
ORCA/Modula-2;Языки программирования на N, O, P, Q, R
Organiser Programming Language (OPL) — сравн. Psion Organiser;Языки программирования на N, O, P, Q, R
Oxygene;Языки программирования на N, O, P, Q, R
Oz;Языки программирования на N, O, P, Q, R
P;Языки программирования на N, O, P, Q, R
Parallel C#;Языки программирования на N, O, P, Q, R
PARI/GP;Языки программирования на N, O, P, Q, R
Parser;Языки программирования на N, O, P, Q, R
Pawn;Языки программирования на N, O, P, Q, R
PBASIC;Языки программирования на N, O, P, Q, R
PCASTL;Языки программирования на N, O, P, Q, R
PEARL;Языки программирования на N, O, P, Q, R
Perl Data Language;Языки программирования на N, O, P, Q, R
PHP;Языки программирования на N, O, P, Q, R
Phrogram;Языки программирования на N, O, P, Q, R
Pico;Языки программирования на N, O, P, Q, R
Piet;Языки программирования на N, O, P, Q, R
Pike;Языки программирования на N, O, P, Q, R
PIKT;Языки программирования на N, O, P, Q, R
PILOT;Языки программирования на N, O, P, Q, R
Pizza;Языки программирования на N, O, P, Q, R
PL/0;Языки программирования на N, O, P, Q, R
PL/8;Языки программирования на N, O, P, Q, R
PL/B;Языки программирования на N, O, P, Q, R
PL/C;Языки программирования на N, O, P, Q, R
PL/M;Языки программирования на N, O, P, Q, R
PL/P;Языки программирования на N, O, P, Q, R
PL/SQL;Языки программирования на N, O, P, Q, R
PLEXIL;Языки программирования на N, O, P, Q, R
Pliant;Языки программирования на N, O, P, Q, R
Pocket Code;Языки программирования на N, O, P, Q, R
POP-11;Языки программирования на N, O, P, Q, R
PostScript;Языки программирования на N, O, P, Q, R
PowerBASIC;Языки программирования на N, O, P, Q, R
PPL;Языки программирования на N, O, P, Q, R
Processing;Языки программирования на N, O, P, Q, R
Prograph;Языки программирования на N, O, P, Q, R
Progress 4GL;Языки программирования на N, O, P, Q, R
PRO-IV;Языки программирования на N, O, P, Q, R
Promela;Языки программирования на N, O, P, Q, R
Protheus;Языки программирования на N, O, P, Q, R
ProvideX;Языки программирования на N, O, P, Q, R
PureBasic;Языки программирования на N, O, P, Q, R
PyDroid3;Языки программирования на N, O, P, Q, R
Python;Языки программирования на N, O, P, Q, R
Q;Языки программирования на N, O, P, Q, R
Qi;Языки программирования на N, O, P, Q, R
QPL;Языки программирования на N, O, P, Q, R
QtScript;Языки программирования на N, O, P, Q, R
QuakeC;Языки программирования на N, O, P, Q, R
R;Языки программирования на N, O, P, Q, R
Ratfiv;Языки программирования на N, O, P, Q, R
Ratfor;Языки программирования на N, O, P, Q, R
RBScript;Языки программирования на N, O, P, Q, R
rc;Языки программирования на N, O, P, Q, R
REBOL;Языки программирования на N, O, P, Q, R
Redcode;Языки программирования на N, O, P, Q, R
Reia;Языки программирования на N, O, P, Q, R
Reilly;Языки программирования на N, O, P, Q, R
Revolution;Языки программирования на N, O, P, Q, R
REXX;Языки программирования на N, O, P, Q, R
Rlab;Языки программирования на N, O, P, Q, R
Robot Scripting Language (RSL);Языки программирования на N, O, P, Q, R
RPG;Языки программирования на N, O, P, Q, R
RPL;Языки программирования на N, O, P, Q, R
Ruby;Языки программирования на N, O, P, Q, R
S;Языки программирования на S, T, U, V, W, X, Y, Z
S2;Языки программирования на S, T, U, V, W, X, Y, Z
SAIL;Языки программирования на S, T, U, V, W, X, Y, Z
SAM76;Языки программирования на S, T, U, V, W, X, Y, Z
SAS;Языки программирования на S, T, U, V, W, X, Y, Z
Sather;Языки программирования на S, T, U, V, W, X, Y, Z
SBL Superbase Basic Langauge;Языки программирования на S, T, U, V, W, X, Y, Z
Scala;Языки программирования на S, T, U, V, W, X, Y, Z
Scheme;Языки программирования на S, T, U, V, W, X, Y, Z
Scilab;Языки программирования на S, T, U, V, W, X, Y, Z
Script.NET;Языки программирования на S, T, U, V, W, X, Y, Z
Sed;Языки программирования на S, T, U, V, W, X, Y, Z
Self;Языки программирования на S, T, U, V, W, X, Y, Z
Shift Script;Языки программирования на S, T, U, V, W, X, Y, Z
SiMPLE;Языки программирования на S, T, U, V, W, X, Y, Z
SIMSCRIPT;Языки программирования на S, T, U, V, W, X, Y, Z
SISAL;Языки программирования на S, T, U, V, W, X, Y, Z
S-Lang;Языки программирования на S, T, U, V, W, X, Y, Z
Slate;Языки программирования на S, T, U, V, W, X, Y, Z
SLIP;Языки программирования на S, T, U, V, W, X, Y, Z
SMALL;Языки программирования на S, T, U, V, W, X, Y, Z
Small Basic;Языки программирования на S, T, U, V, W, X, Y, Z
Smalltalk;Языки программирования на S, T, U, V, W, X, Y, Z
Snowball;Языки программирования на S, T, U, V, W, X, Y, Z
SNUSP;Языки программирования на S, T, U, V, W, X, Y, Z
SP/k;Языки программирования на S, T, U, V, W, X, Y, Z
SPARK;Языки программирования на S, T, U, V, W, X, Y, Z
SP-Forth;Языки программирования на S, T, U, V, W, X, Y, Z
Spice;Языки программирования на S, T, U, V, W, X, Y, Z
SPIN;Языки программирования на S, T, U, V, W, X, Y, Z
SPITBOL;Языки программирования на S, T, U, V, W, X, Y, Z
S-PLUS;Языки программирования на S, T, U, V, W, X, Y, Z
SPS (1620);Языки программирования на S, T, U, V, W, X, Y, Z
Squeak;Языки программирования на S, T, U, V, W, X, Y, Z
Squirrel;Языки программирования на S, T, U, V, W, X, Y, Z
SR;Языки программирования на S, T, U, V, W, X, Y, Z
SSL;Языки программирования на S, T, U, V, W, X, Y, Z
Standard ML;Языки программирования на S, T, U, V, W, X, Y, Z
Struckd-3D;Языки программирования на S, T, U, V, W, X, Y, Z
Subtext;Языки программирования на S, T, U, V, W, X, Y, Z
Suneido;Языки программирования на S, T, U, V, W, X, Y, Z
SuperCollider;Языки программирования на S, T, U, V, W, X, Y, Z
SYMPL;Языки программирования на S, T, U, V, W, X, Y, Z
SyncCharts;Языки программирования на S, T, U, V, W, X, Y, Z
SystemVerilog;Языки программирования на S, T, U, V, W, X, Y, Z
T;Языки программирования на S, T, U, V, W, X, Y, Z
TACL;Языки программирования на S, T, U, V, W, X, Y, Z
TACPOL;Языки программирования на S, T, U, V, W, X, Y, Z
TADS;Языки программирования на S, T, U, V, W, X, Y, Z
Tcl;Языки программирования на S, T, U, V, W, X, Y, Z
Tea;Языки программирования на S, T, U, V, W, X, Y, Z
teco;Языки программирования на S, T, U, V, W, X, Y, Z
TELCOMP;Языки программирования на S, T, U, V, W, X, Y, Z
Telon;Языки программирования на S, T, U, V, W, X, Y, Z
Tex — Text Executive Programming Language;Языки программирования на S, T, U, V, W, X, Y, Z
TI-BASIC;Языки программирования на S, T, U, V, W, X, Y, Z
TIE;Языки программирования на S, T, U, V, W, X, Y, Z
TOM;Языки программирования на S, T, U, V, W, X, Y, Z
Topspeed;Языки программирования на S, T, U, V, W, X, Y, Z
tpu;Языки программирования на S, T, U, V, W, X, Y, Z
Trac;Языки программирования на S, T, U, V, W, X, Y, Z
Transaction Application Language;Языки программирования на S, T, U, V, W, X, Y, Z
Transact-SQL;Языки программирования на S, T, U, V, W, X, Y, Z
TTCN;Языки программирования на S, T, U, V, W, X, Y, Z
Turbo Pascal;Языки программирования на S, T, U, V, W, X, Y, Z
Turbo Prolog;Языки программирования на S, T, U, V, W, X, Y, Z
Turing;Языки программирования на S, T, U, V, W, X, Y, Z
TUTOR;Языки программирования на S, T, U, V, W, X, Y, Z
TXL;Языки программирования на S, T, U, V, W, X, Y, Z
Ubercode;Языки программирования на S, T, U, V, W, X, Y, Z
Unicon;Языки программирования на S, T, U, V, W, X, Y, Z
Uniface;Языки программирования на S, T, U, V, W, X, Y, Z
Unix shell;Языки программирования на S, T, U, V, W, X, Y, Z
Unlambda;Языки программирования на S, T, U, V, W, X, Y, Z
UnrealEngine;Языки программирования на S, T, U, V, W, X, Y, Z
UnrealScript;Языки программирования на S, T, U, V, W, X, Y, Z
Vala;Языки программирования на S, T, U, V, W, X, Y, Z
VBA;Языки программирования на S, T, U, V, W, X, Y, Z
VBScript;Языки программирования на S, T, U, V, W, X, Y, Z
VDM++, VDM-SL;Языки программирования на S, T, U, V, W, X, Y, Z
Verilog;Языки программирования на S, T, U, V, W, X, Y, Z
VHDL;Языки программирования на S, T, U, V, W, X, Y, Z
Visual Assembler;Языки программирования на S, T, U, V, W, X, Y, Z
Visual Basic;Языки программирования на S, T, U, V, W, X, Y, Z
Visual Basic.NET;Языки программирования на S, T, U, V, W, X, Y, Z
Visual DataFlex;Языки программирования на S, T, U, V, W, X, Y, Z
Visual DialogScript;Языки программирования на S, T, U, V, W, X, Y, Z
Visual FoxPro;Языки программирования на S, T, U, V, W, X, Y, Z
Visual J++;Языки программирования на S, T, U, V, W, X, Y, Z
Visual Objects;Языки программирования на S, T, U, V, W, X, Y, Z
Vvvv;Языки программирования на S, T, U, V, W, X, Y, Z
VX-REXX;Языки программирования на S, T, U, V, W, X, Y, Z
Water;Языки программирования на S, T, U, V, W, X, Y, Z
WATFIV, WATFOR;Языки программирования на S, T, U, V, W, X, Y, Z
WebQL;Языки программирования на S, T, U, V, W, X, Y, Z
Whitespace;Языки программирования на S, T, U, V, W, X, Y, Z
Winbatch;Языки программирования на S, T, U, V, W, X, Y, Z
WinDev;Языки программирования на S, T, U, V, W, X, Y, Z
Windows PowerShell;Языки программирования на S, T, U, V, W, X, Y, Z
X++;Языки программирования на S, T, U, V, W, X, Y, Z
X10;Языки программирования на S, T, U, V, W, X, Y, Z
XBL;Языки программирования на S, T, U, V, W, X, Y, Z
xHarbour;Языки программирования на S, T, U, V, W, X, Y, Z
XL;Языки программирования на S, T, U, V, W, X, Y, Z
XOTcl;Языки программирования на S, T, U, V, W, X, Y, Z
XPL;Языки программирования на S, T, U, V, W, X, Y, Z
XPL0;Языки программирования на S, T, U, V, W, X, Y, Z
XQuery;Языки программирования на S, T, U, V, W, X, Y, Z
XSLT — см. XPath;Языки программирования на S, T, U, V, W, X, Y, Z
Y;Языки программирования на S, T, U, V, W, X, Y, Z
YACC;Языки программирования на S, T, U, V, W, X, Y, Z
Yorick;Языки программирования на S, T, U, V, W, X, Y, Z
Z;Языки программирования на S, T, U, V, W, X, Y, Z
Zonnon;Языки программирования на S, T, U, V, W, X, Y, Z
ZOPL;Языки программирования на S, T, U, V, W, X, Y, Z
ZPL;Языки программирования на S, T, U, V, W, X, Y, Z
ZZT-oop;Языки программирования на S, T, U, V, W, X, Y, Z
Atom;Редакторы кода и текста
Sublime Text;Редакторы кода и текста
Notepad++;Редакторы кода и текста
Vim;Редакторы кода и текста
Visual Code Studio;Редакторы кода и текста
Alpine.js;Фреймворки для веб-приложений
Angular;Фреймворки для веб-приложений
ASP.NET;Фреймворки для веб-приложений
Django;Фреймворки для веб-приложений
Express.js;Фреймворки для веб-приложений
Fiber;Фреймворки для веб-приложений
Flask ;Фреймворки для веб-приложений
Gatsby;Фреймворки для веб-приложений
Meteor;Фреймворки для веб-приложений
Next.js;Фреймворки для веб-приложений
Node.js;Фреймворки для веб-приложений
Nuxt;Фреймворки для веб-приложений
Play ;Фреймворки для веб-приложений
React;Фреймворки для веб-приложений
REST API;Фреймворки для веб-приложений
Ruby on Rails;Фреймворки для веб-приложений
Spring Framework + Spring boot (Java);Фреймворки для веб-приложений
Vue;Фреймворки для веб-приложений
Jest;Фреймворки JavaScript для тестирования
Mocha;Фреймворки JavaScript для тестирования
Storybook;Фреймворки JavaScript для тестирования
Cypress;Фреймворки JavaScript для тестирования
Jasmine;Фреймворки JavaScript для тестирования
CakePHP;Фреймворки PHP
CodeIgniter;Фреймворки PHP
FuelPHP;Фреймворки PHP
Laravel ;Фреймворки PHP
Phalcon;Фреймворки PHP
Slim;Фреймворки PHP
Symfony;Фреймворки PHP
Yii;Фреймворки PHP
Zend Framework;Фреймворки PHP
Bootstrap;Фреймворки Front-end
Bulma;Фреймворки Front-end
Chrome DevTools;Фреймворки Front-end
Ember;Фреймворки Front-end
Foundation;Фреймворки Front-end
jQuery;Фреймворки Front-end
Material Design Lite;Фреймворки Front-end
Materialize CSS;Фреймворки Front-end
Pure CSS;Фреймворки Front-end
Semantic UI;Фреймворки Front-end
Skeleton;Фреймворки Front-end
Svelte;Фреймворки Front-end
Tailwind CSS;Фреймворки Front-end
UI kit;Фреймворки Front-end
Yarn;Менеджеры пакетов
A Second Monitor;Менеджеры пакетов
Adobe XD;Менеджеры пакетов
Affinity Designer;Менеджеры пакетов
Animator by Haiku;Менеджеры пакетов
Asana;Менеджеры пакетов
ClickUp;Менеджеры пакетов
ColorPick Eyedropper Chrome Extension;Менеджеры пакетов
DPKG — Package Manager для Debian;Менеджеры пакетов
Figma;Менеджеры пакетов
Framer;Менеджеры пакетов
Git Clients;Менеджеры пакетов
Github Desktop;Менеджеры пакетов
GitKraken;Менеджеры пакетов
Google Lighthouse;Менеджеры пакетов
HoppScotch;Менеджеры пакетов
JIRA;Менеджеры пакетов
LambdaTest;Менеджеры пакетов
Node Package Manager (npm);Менеджеры пакетов
Paperform;Менеджеры пакетов
Postman;Менеджеры пакетов
ProtoPie;Менеджеры пакетов
REST-assured;Менеджеры пакетов
Sass;Менеджеры пакетов
Sketch;Менеджеры пакетов
Slack;Менеджеры пакетов
SourceTree;Менеджеры пакетов
Squoosh Image Optimiser;Менеджеры пакетов
Stack Overflow;Менеджеры пакетов
Toolset;Менеджеры пакетов
TypeScript;Менеджеры пакетов
Zoom;Менеджеры пакетов
Инженеры по искусственному интеллекту;Разработка и IT другое
Инженеры по контролю качества;Разработка и IT другое
Компьютерная и IT помощь;Разработка и IT другое
Менеджеры по продуктам;Разработка и IT другое
Парсеры;Разработка и IT другое
Разработчики Excel;Разработка и IT другое
Разработчики Salesforce;Разработка и IT другое
Разработчики блокчейна;Разработка и IT другое
Скрипты;Разработка и IT другое
Специалисты по Zoho CRM;Разработка и IT другое
Тестировщики QA программного обеспечения;Разработка и IT другое
Чат-боты;Разработка и IT другое
Эксперты Salesforce;Разработка и IT другое
2D аниматоры;Анимация и флеш
2D Анимация;Анимация и флеш
2D Персонажи;Анимация и флеш
2D Флеш-aнимация;Анимация и флеш
3D аниматоры;Анимация и флеш
3D Анимация-графика;Анимация и флеш
3D Персонажи в анимации;Анимация и флеш
Аниматоры;Анимация и флеш
Виртуальные туры;Анимация и флеш
Гейм-арт;Анимация и флеш
Дизайнеры моушн-графики;Анимация и флеш
Музыка/Звуки в анимации;Анимация и флеш
Профессионалы в области видеоанимации;Анимация и флеш
Раскадровки в анимации;Анимация и флеш
Специалисты по Adobe After Effects;Анимация и флеш
Сценарии для анимации;Анимация и флеш
Флеш-баннеры;Анимация и флеш
Флеш-графика;Анимация и флеш
Художники аниме;Анимация и флеш
Художники по визуальным эффектам;Анимация и флеш
Аранжировка;Аудиопродукция
Аудиозапись и озвучка;Аудиопродукция
Аудиоинженеры;Аудиопродукция
Аудиоредакторы;Аудиопродукция
Аудиоролик;Аудиопродукция
Выделение звука из видео;Аудиопродукция
Запись вокала;Аудиопродукция
Звукорежиссеры;Аудиопродукция
Музыка и песни;Аудиопродукция
Музыкальные композиторы;Аудиопродукция
Музыкальные продюсеры;Аудиопродукция
Написание музыки;Аудиопродукция
Нарраторы аудиокниг;Аудиопродукция
Обработка звука;Аудиопродукция
Озвучка и дикторы;Аудиопродукция
Песня (музыка + текст + вокал);Аудиопродукция
Профессионалы музыкального видео;Аудиопродукция
Редактирование аудио;Аудиопродукция
Тексты песен;Аудиопродукция
Дизайнер машинной вышивки;Дизайн одежды
Дизайнеры одежды;Дизайн одежды
Дизайнеры ювелирных изделий;Дизайн одежды
Иллюстраторы моды;Дизайн одежды
Модели моды;Дизайн одежды
Профессионалы швейного дела;Дизайн одежды
2D гейм-арт;Графический дизайн
Adobe InDesign специалисты;Графический дизайн
Email-дизайн;Графический дизайн
Баннеры;Графический дизайн
Бренд-консалтинг;Графический дизайн
Векторная графика;Графический дизайн
Визитные карточки;Графический дизайн
Графические дизайнеры;Графический дизайн
Дизайн игр;Графический дизайн
Дизайн социальных медиа;Графический дизайн
Разработка Дизайн упаковки;Графический дизайн
Дизайн флаеров;Графический дизайн
Дизайн футболок;Графический дизайн
Иконки;Графический дизайн
Инфографика, карты и схемы;Графический дизайн
Логотипы;Графический дизайн
Обложки книг;Графический дизайн
Плакаты;Графический дизайн
3D Анимация;3D Графика
3D дизайнеры;3D Графика
3D Иллюстрации;3D Графика
3D Моделирование;3D Графика
3D модельеры;3D Графика
3D Персонажи в графике;3D Графика
Интерьеры;3D Графика
Предметная визуализация;3D Графика
Экстерьеры;3D Графика
Архитектура/Интерьер;Фотография
Мероприятия/Репортажи;Фотография
Модели;Фотография
Промышленная фотосъемка;Фотография
Рекламная/Постановочная;Фотография
Ретушеры фотографий;Фотография
Ретуширование/Коллажи;Фотография
Свадебная фотосъемка;Фотография
Фотографы;Фотография
Фотографы продуктов;Фотография
Фоторедакторы;Фотография
Фотосъемка с дрона;Фотография
Художественная/Арт;Фотография
Adobe Creative Suite;Программы и ПО
Adobe Dreamweaver;Программы и ПО
Adobe Fireworks;Программы и ПО
Adobe Flash;Программы и ПО
Adobe FrameMaker;Программы и ПО
Adobe Illustrator;Программы и ПО
Adobe InDesign;Программы и ПО
Adobe Lightroom;Программы и ПО
Adobe LiveCycle Designer;Программы и ПО
Adobe Photoshop;Программы и ПО
Adobe Robohelp;Программы и ПО
Affinity Photo;Программы и ПО
After Effects;Программы и ПО
Animoto;Программы и ПО
Apple Compressor;Программы и ПО
Apple Logic Pro;Программы и ПО
Apple Motion;Программы и ПО
AutoCAD Архитектура;Программы и ПО
Autodesk;Программы и ПО
Autodesk Civil 3D;Программы и ПО
Autodesk Fusion 360;Программы и ПО
Autodesk Inventor;Программы и ПО
Autodesk Revit;Программы и ПО
Autodesk Sketchbook Pro;Программы и ПО
Avid;Программы и ПО
Axure;Программы и ПО
BricsCAD (САПР);Программы и ПО
Canva;Программы и ПО
Capture NX2;Программы и ПО
CGI;Программы и ПО
Cinema 4D;Программы и ПО
Clip Studio Paint;Программы и ПО
CMS IntelliCAD;Программы и ПО
Corel Painter;Программы и ПО
CorelDRAW;Программы и ПО
DaVinci Resolve;Программы и ПО
Doodle;Программы и ПО
Draftsight;Программы и ПО
Evernote;Программы и ПО
Final Cut Pro;Программы и ПО
Final Cut Pro X;Программы и ПО
Finale / Sibelius;Программы и ПО
FL Studio;Программы и ПО
Flash 3D;Программы и ПО
Flash Animation;Программы и ПО
Flex;Программы и ПО
Flow Charts;Программы и ПО
FlowVella;Программы и ПО
GarageBand;Программы и ПО
Genially;Программы и ПО
GIF;Программы и ПО
GIF-анимация;Программы и ПО
Google Slides;Программы и ПО
GraffixPro Студия;Программы и ПО
GstarCAD;Программы и ПО
Haiku Deck;Программы и ПО
Handy Sketch Pad;Программы и ПО
IMovie;Программы и ПО
Inkscape;Программы и ПО
Invision;Программы и ПО
JDF;Программы и ПО
Keynote;Программы и ПО
Kizoa;Программы и ПО
Krita;Программы и ПО
Makerbot;Программы и ПО
MIDI;Программы и ПО
NanoCAD;Программы и ПО
Neo4j;Программы и ПО
NX CAD;Программы и ПО
Photoshop;Программы и ПО
Prezi;Программы и ПО
Procreate;Программы и ПО
ProgeCAD;Программы и ПО
PSD в HTML;Программы и ПО
PSD2CMS;Программы и ПО
QuarkXPress;Программы и ПО
Rhino 3D;Программы и ПО
RWD;Программы и ПО
SketchUp;Программы и ПО
Slidebean;Программы и ПО
SmartDraw;Программы и ПО
SoundCloud;Программы и ПО
Tekla;Программы и ПО
TikZ;Программы и ПО
UI;Программы и ПО
Unigraphics NX;Программы и ПО
UX / Пользовательский опыт;Программы и ПО
Vectorworks;Программы и ПО
VFX Искусство;Программы и ПО
VideoScribe;Программы и ПО
Vimeo;Программы и ПО
Visme;Программы и ПО
V-Ray;Программы и ПО
Word;Программы и ПО
WordPress Дизайн;Программы и ПО
YouTube Редактирование видео;Программы и ПО
Google презентации;Презентации
Prezi презентации;Презентации
Видео-презентации;Презентации
Дизайн презентации;Презентации
Интерактивные презентации;Презентации
Презентации PowerPoint с анимацией для выступлений;Презентации
Презентации в pdf;Презентации
Билборды и стенды;Наружная реклама
Витрины и вывески;Наружная реклама
Плакаты для рекламы;Наружная реклама
Предметы и аксессуары;Промышленный дизайн
Упаковка и этикетка;Промышленный дизайн
Электроника и устройства;Промышленный дизайн
NFT арт;Арт и иллюстрация
Дизайнеры инфографики;Арт и иллюстрация
Дизайнеры персонажей;Арт и иллюстрация
Дизайнеры продукции;Арт и иллюстрация
Живопись в иллюстрации;Арт и иллюстрация
Иллюстраторы;Арт и иллюстрация
Иллюстраторы детских книг;Арт и иллюстрация
Иллюстрации и рисунки;Арт и иллюстрация
Комиксы;Арт и иллюстрация
Концепт-арт;Арт и иллюстрация
Портрет;Арт и иллюстрация
Принты;Арт и иллюстрация
Рисовальщик;Арт и иллюстрация
Стикеры;Арт и иллюстрация
Тату;Арт и иллюстрация
Шаблоны и рисунки;Арт и иллюстрация
Шарж (карикатура);Арт и иллюстрация
Эксперты по Adobe Illustrator;Арт и иллюстрация
Архитекторы дизайна;Дизайн интерьера
Дизайн городской среды;Дизайн интерьера
Дизайнеры интерьера;Дизайн интерьера
Дизайнеры по планировке помещений;Дизайн интерьера
Ландшафтные дизайнеры;Дизайн интерьера
Специалисты по дизайну мебели;Дизайн интерьера
3D-анимация для видео;Аудио и Видео
Актеры;Аудио и Видео
Анимационный ролик;Аудио и Видео
Анимация логотипа;Аудио и Видео
Аудиомонтаж;Аудио и Видео
Видео с ведущим;Аудио и Видео
Видеодизайн;Аудио и Видео
Видеоинфографика;Аудио и Видео
Видеомонтаж;Аудио и Видео
Видеопрезентации;Аудио и Видео
Видеопрезентация;Аудио и Видео
Видеопродюсеры;Аудио и Видео
Видеоредакторы;Аудио и Видео
Видеоролики;Аудио и Видео
Видеосъемка;Аудио и Видео
Видеосъемка и монтаж;Аудио и Видео
Видеосъемка с дрона;Аудио и Видео
Диктор;Аудио и Видео
Дудл-видео;Аудио и Видео
Интро и анимация логотипа;Аудио и Видео
Интро и заставки;Аудио и Видео
Кастинг;Аудио и Видео
Кинетическая типографика;Аудио и Видео
Музыка/Звуки;Аудио и Видео
Проморолик;Аудио и Видео
Раскадровки;Аудио и Видео
Режиссеры;Аудио и Видео
Режиссура;Аудио и Видео
Ролики для соцсетей;Аудио и Видео
Свадебное видео;Аудио и Видео
Скринкасты и видеообзоры;Аудио и Видео
Слайд-шоу;Аудио и Видео
Брошюра и буклет;Полиграфия
Верстка электронных изданий;Полиграфия
Грамота и сертификат;Полиграфия
Дизайн упаковки;Полиграфия
Допечатная подготовка;Полиграфия
Календарь и открытка;Полиграфия
Каталог;Полиграфия
Книга;Полиграфия
Листовки и флаер;Полиграфия
Меню;Полиграфия
Плакат и афиша;Полиграфия
Полиграфическая верстка;Полиграфия
Полиграфический дизайн;Полиграфия
Разработка шрифтов;Полиграфия
Аэрография;Дизайн и креатив другие
Голосовые таланты;Дизайн и креатив другие
Граффити;Дизайн и креатив другие
Инструктивные дизайнеры;Дизайн и креатив другие
Картография;Дизайн и креатив другие
Креативные директора;Дизайн и креатив другие
Художники комиксов;Дизайн и креатив другие
Художники манги;Дизайн и креатив другие
Художники-мультипликаторы;Дизайн и креатив другие
Цифровые художники;Дизайн и креатив другие
Эксперты Adobe Photoshop;Дизайн и креатив другие
Легковой транспорт – продажа, сервис, ремонт, запчасти и лизинг;Автодилеры
Грузовой транспорт – продажа, сервис, ремонт, запчасти и лизинг;Автодилеры
Продажа топлива, сопутствующих товаров и услуги на АЗС;АЗС
Автоматизированная колонка (самообслуживание, без оператора АЗС);АЗС
Риэлторские агенства/услуги;Аренда недвижимости, риэлторы
Услуги ЖКХ, ТСЖ, УК, СНТ;Коммунальные услуги
Салоны красоты (без мед. лицензии);Косметология, фитнес
СПА центры (без мед. лицензии);Косметология, фитнес
Магазины косметики;Косметология, фитнес
Фитнес клубы;Косметология, фитнес
Профессиональные спортивные секции;Косметология, фитнес
Аптеки;Медицина, аптеки
Больницы, поликлиники, мед. клиники;Медицина, аптеки
Стоматология;Медицина, аптеки
Медицинские лаборатории и тесты;Медицина, аптеки
Оптические товары и очки;Медицина, аптеки
Офтальмологические клиники и услуги;Медицина, аптеки
Услуги травматологии;Медицина, аптеки
Уход за больными (вкл. хоспис);Медицина, аптеки
Частная врачебная практика ;Медицина, аптеки
Медицинские услуги - нигде ранее не классифицируемые ;Медицина, аптеки
Инстинуты, академии, университеты, колледжи;Образование
Профессионально-технические училища;Образование
Школы: начальная и средняя;Образование
Школы: дистанционное обучение;Образование
Образовательные курсы;Образование
Пригородные и местные пассажирские перевозки;Пассажирские перевозки, курьеры
Ж/Д билеты;Пассажирские перевозки, курьеры
Авиабилеты;Пассажирские перевозки, курьеры
Автовокзалы;Пассажирские перевозки, курьеры
Лимузины и такси;Пассажирские перевозки, курьеры
Курьерские и почтовые услуги;Пассажирские перевозки, курьеры
Супермаркеты, бакалейные магазины;Продукты, алкоголь, табак
Алкомаркет;Продукты, алкоголь, табак
Табачные магазины;Продукты, алкоголь, табак
Обувные магазины;Одежда, обувь
Одежда (для м/ж и детей);Одежда, обувь
Одежда (для м/ж без детской);Одежда, обувь
Женская одежда и аксессуары;Одежда, обувь
Мужская одежда и аксессуары;Одежда, обувь
Различные магазины одежды и аксессуаров;Одежда, обувь
Спортивная одежда;Одежда, обувь
Детская одежда;Детские товары, игрушки, одежда
Магазины игрушек;Детские товары, игрушки, одежда
Станции технического обслуживания (если точка от официального дилера то 5511);Ремонт авто., запчасти, СТО
Кузовной ремонт автомобилей;Ремонт авто., запчасти, СТО
Автозапчасти и аксессуары (если точка от официального дилера то 5511);Ремонт авто., запчасти, СТО
Автошины (продажа шин, шиномонтаж);Ремонт авто., запчасти, СТО
Автомойки;Ремонт авто., запчасти, СТО
Бистро, столовые, закусочные;Рестораны, бары, кафе
Рестораны;Рестораны, бары, кафе
Бары, ночные клубы;Рестораны, бары, кафе
Магазины спорттоваров;Спорттовары
Веломагазины;Спорттовары
Строительные материалы (пиломатериалы, цемент, кирпич, песок и т.д.);Строй/хозтовары, ремонт
Стройтовары (обои, инструмент, освещение и т.д.);Строй/хозтовары, ремонт
Хозяйственные товары (промтовары);Строй/хозтовары, ремонт
Сантехника;Строй/хозтовары, ремонт
Крепеж, скобяные изделия;Строй/хозтовары, ремонт
Строительные площадки (опт);Строй/хозтовары, ремонт
Лакокрасочная продукция и сопровождающие товары;Строй/хозтовары, ремонт
Ювелирные изделия и часы;Сувениры, ювелирные изделия, антиквариат
Оптовая продажа драгоценных камней и металлов;Сувениры, ювелирные изделия, антиквариат
Сувениры и подарки;Сувениры, ювелирные изделия, антиквариат
Антикварные лавки (вкл. ремонт, рестоврация);Сувениры, ювелирные изделия, антиквариат
Гостиницы, отели, хостелы, аппартаменты (в ставку включена услуга бронирования);Туризм, отели, услуги отдыха
Базы отдыха, спортивно-оздоровительные лагеря;Туризм, отели, услуги отдыха
Услуги отдыха (квесты, веревочные парки, скалодромы);Туризм, отели, услуги отдыха
Турагентства и туроператоры (списание без клиента (мото) + 0,2% к тарифу);Туризм, отели, услуги отдыха
Зоопарки, океанариумы, дельфинарии;Развлечения
Парки развлечений, цирки;Развлечения
Религиозные организации;Благотворительность
Благотворительные организации;Благотворительность
Универмаги;Универсальные магазины
Магазины фиксированных цен;Универсальные магазины
Металлоцентры (продажа листовой стали, ограждений, кабель, труб, включая отп);Услуги, работы
Прачечные;Услуги, работы
Химчистки;Услуги, работы
Юридические услуги (нотариус, адвокат)   ;Услуги, работы
Ритуальные услуги;Услуги, работы
Архитектурные, инженерные и геодезические услуги;Услуги, работы
Ветеринарные услуги (зоомагазины идут как прочие);Услуги, работы
Подрядчики бетонных работ (продажа цемента/бетона, строительство);Услуги, работы
Услуги по ремонту помещений (квартиры, офисы, мелкий ремонт);Услуги, работы
Генеральные подрядчики – жилищное и торговое строительство;Услуги, работы
Подрядчики, специализированная торговля – нигде более не классифицированные;Услуги, работы
Услуги IT-компаний;Услуги, работы
Цеточные магазины (букеты, сувениры);Цветы, флористика
Питомники (оптовая торговля саженцами и растениями);Цветы, флористика
Садовые принадлежности (семена, инструмент);Цветы, флористика
Ландшафтные работы (услуги садовника);Цветы, флористика
Продажа средств связи;Электроника, связь
Бытовая техника;Электроника, связь
Компьютеры, программное обеспечение, комп. игры;Электроника, связь
Электроника (видеонаблюдение, сигнализации, комплектующие);Электроника, связь
3D-печать;Поиск поставщиков и производство продукции
AliExpress;Поиск поставщиков и производство продукции
Amazon;Поиск поставщиков и производство продукции
Ozon;Поиск поставщиков и производство продукции
Wildberries;Поиск поставщиков и производство продукции
Автоматизация процессов;Поиск поставщиков и производство продукции
Автоматизированное производство;Поиск поставщиков и производство продукции
Аксессуары для ЧПУ;Поиск поставщиков и производство продукции
Аналоговая электроника;Поиск поставщиков и производство продукции
Андон;Поиск поставщиков и производство продукции
Валидация процессов;Поиск поставщиков и производство продукции
Исследование нарушений патентных прав;Поиск поставщиков и производство продукции
Исследование продукта;Поиск поставщиков и производство продукции
Компьютеризированная вышивка;Поиск поставщиков и производство продукции
Компьютерное числовое управление;Поиск поставщиков и производство продукции
Модернизация станков с ЧПУ;Поиск поставщиков и производство продукции
Патентно-конструкторский поиск;Поиск поставщиков и производство продукции
Патентный ландшафт;Поиск поставщиков и производство продукции
Подбор поставщиков;Поиск поставщиков и производство продукции
Подбор продукции;Поиск поставщиков и производство продукции
Поиск валидности патента;Поиск поставщиков и производство продукции
Поиск недействительности патента;Поиск поставщиков и производство продукции
Поиск покупателей;Поиск поставщиков и производство продукции
Программирование ЧПУ;Поиск поставщиков и производство продукции
Производство;Поиск поставщиков и производство продукции
Разработка продукта;Поиск поставщиков и производство продукции
Свобода управления поиском;Поиск поставщиков и производство продукции
Уведомление;Поиск поставщиков и производство продукции
Цепочка поставок;Поиск поставщиков и производство продукции
Аналитики данных;Аналитика
Веб-аналитика;Аналитика
Маркетинговые стратеги;Аналитика
Специалисты по Google Tag Manager;Аналитика
Эксперты Google Analytics;Аналитика
Эксперты по автоматизации маркетинга;Аналитика
Брендинг;Брендинг
Бренд-маркетинг;Брендинг
Бренд-менеджеры;Брендинг
Профессионалы в области брендинга;Брендинг
Специалисты по бренд-консалтингу;Брендинг
Специалисты по корпоративному фирменному стилю;Брендинг
Управление брендом;Брендинг
Авторы блогов;Контент-маркетинг
Контент-маркетологи;Контент-маркетинг
Контент-менеджеры веб-сайтов;Контент-маркетинг
Писатели контента;Контент-маркетинг
B2B маркетинг;Цифровой маркетинг
Email-маркетологи;Цифровой маркетинг
Facebook Маркетинг;Цифровой маркетинг
Google Adsense;Цифровой маркетинг
Google Adwords;Цифровой маркетинг
Google Shopping;Цифровой маркетинг
Indiegogo;Цифровой маркетинг
Marketo;Цифровой маркетинг
PPC-маркетинг;Цифровой маркетинг
Анализ конкурентов;Цифровой маркетинг
Аффилированные маркетологи;Цифровой маркетинг
Верификация Facebook;Цифровой маркетинг
Верификация Instagram;Цифровой маркетинг
Вирусный маркетинг;Цифровой маркетинг
Входящий маркетинг;Цифровой маркетинг
Генерация лидов;Цифровой маркетинг
Интернет-исследования;Цифровой маркетинг
Интернет-маркетинг;Цифровой маркетинг
Консультанты по маркетингу;Цифровой маркетинг
Лиды;Цифровой маркетинг
Магазины Facebook;Цифровой маркетинг
Маркетинг Hubspot;Цифровой маркетинг
Маркетинг Instagram;Цифровой маркетинг
Маркетинг Pardot;Цифровой маркетинг
Маркетинг влиятельных лиц;Цифровой маркетинг
Маркетинг подкастов;Цифровой маркетинг
Маркетинг поисковых систем;Цифровой маркетинг
Маркетинг удержания клиентов;Цифровой маркетинг
Маркетинговая стратегия;Цифровой маркетинг
Массовый маркетинг;Цифровой маркетинг
Менеджеры онлайн-сообществ;Цифровой маркетинг
Менеджеры по маркетингу;Цифровой маркетинг
Мобильные маркетологи;Цифровой маркетинг
Оптимизаторы коэффициента конверсии;Цифровой маркетинг
Оптимизация коэффициента конверсии;Цифровой маркетинг
Партнерский маркетинг;Цифровой маркетинг
Подкастинг;Цифровой маркетинг
Продуктовый маркетинг;Цифровой маркетинг
Социальные видеомаркетологи;Цифровой маркетинг
Специалисты по Mailchimp;Цифровой маркетинг
Специалисты по электронной почте;Цифровой маркетинг
Твиттер-маркетинг;Цифровой маркетинг
Телемаркетинг;Цифровой маркетинг
Цифровая стратегия;Цифровой маркетинг
Цифровые маркетологи;Цифровой маркетинг
Эксперты по генерации лидов;Цифровой маркетинг
SEM управление репутацией;SEO/SEM/SMO
SEO аудиты, консультации;SEO/SEM/SMO
SMO оптимизация под социальные медиа;SEO/SEM/SMO
Анализ сайтов, рынка;SEO/SEM/SMO
Внутренняя оптимизация;SEO/SEM/SMO
Контекстная реклама (Контент);SEO/SEM/SMO
Метрики и счетчики;SEO/SEM/SMO
Поведенческие факторы;SEO/SEM/SMO
Поисковые системы;SEO/SEM/SMO
Посетители на сайт (Трафик);SEO/SEM/SMO
Продажа ссылок (Ссылки);SEO/SEM/SMO
Продвижение сайта в топ;SEO/SEM/SMO
Семантическое ядро;SEO/SEM/SMO
Специалисты по PPC-рекламе;SEO/SEM/SMO
Специалисты по рекламе Google;SEO/SEM/SMO
Специалисты по рекламе Yandex;SEO/SEM/SMO
Статистика и аналитика;SEO/SEM/SMO
Facebook;Социальные медиа
Instagram;Социальные медиа
LinkedIn ;Социальные медиа
Pinterest Маркетологи;Социальные медиа
SMM маркетинг в соцсетях;Социальные медиа
Telegram;Социальные медиа
TikTok;Социальные медиа
Twitter;Социальные медиа
Youtube;Социальные медиа
ВКонтакте;Социальные медиа
Дзен;Социальные медиа
Маркетологи по работе с инфлюенсерами (лидерами мнений);Социальные медиа
Маркетологи социальных сетей;Социальные медиа
Менеджеры социальных медиа;Социальные медиа
Одноклассники;Социальные медиа
Социальный видеомаркетинг;Социальные медиа
Другие;Социальные медиа
Facebook реклама;Реклама и PR
Google реклама;Реклама и PR
Instagram реклама;Реклама и PR
Spotify реклама;Реклама и PR
Telegram реклама;Реклама и PR
Tiktok реклама;Реклама и PR
Unboxing Videos;Реклама и PR
Yandex реклама;Реклама и PR
YouTube реклама;Реклама и PR
Доски объявлений;Реклама и PR
Интерактивная реклама;Реклама и PR
Контент-маркетинг;Реклама и PR
Концепции рекламы;Реклама и PR
Продвижение музыки;Реклама и PR
Размещение рекламы;Реклама и PR
Реклама от блоггеров;Реклама и PR
Сбор и обработка информации;Реклама и PR
Сотрудники по продвижению;Реклама и PR
Справочники и каталоги;Реклама и PR
Таргетированная реклама;Реклама и PR
Телемаркетинг и телефонные продажи;Реклама и PR
eBay;Продажи
MLM;Продажи
WooCommerce;Продажи
Внутренние продажи;Продажи
Канальные продажи;Продажи
Копирайтеры по продажам;Продажи
Корпоративные продажи;Продажи
Маркетплейсы;Продажи
Менеджеры по продажам;Продажи
Многоуровневый маркетинг;Продажи
Мобильные продажи;Продажи
Полевые продажи;Продажи
Продажи IDM;Продажи
Продажи ISV;Продажи
Продажи SaaS;Продажи
Продажи в здравоохранении;Продажи
Продажи в области наук о жизни;Продажи
Продажи в СМИ;Продажи
Продажи в сфере HR;Продажи
Продажи в сфере безопасности;Продажи
Продажи дата-центров;Продажи
Продажи заработной платы;Продажи
Продажи и генерация лидов;Продажи
Продажи комплектующих;Продажи
Продажи медицинского оборудования;Продажи
Продажи программного обеспечения;Продажи
Продажи рекрутинга;Продажи
Продажи телекоммуникаций;Продажи
Продажи технологий;Продажи
Продажи цифровых агентств;Продажи
Продвижение Soundcloud;Продажи
Продвижение продаж;Продажи
Работа со СМИ;Продажи
Реселлер;Продажи
Розничные продажи;Продажи
Сетевые продажи;Продажи
Специалисты по краудфандингу;Продажи
Специалисты по холодным звонкам;Продажи
Торговые представители;Продажи
Управление корпоративными продажами;Продажи
Управление полевыми продажами;Продажи
Управление продажами;Продажи
Управление счетами OEM;Продажи
Управление счетами продаж;Продажи
Финансовые продажи;Продажи
Etsy;Продажи, маркетинг и реклама другое
Eventbrite;Продажи, маркетинг и реклама другое
HootSuite;Продажи, маркетинг и реклама другое
Kartra;Продажи, маркетинг и реклама другое
Keap;Продажи, маркетинг и реклама другое
Kickstarter;Продажи, маркетинг и реклама другое
Klaviyo;Продажи, маркетинг и реклама другое
Mailchimp;Продажи, маркетинг и реклама другое
Mailwizz;Продажи, маркетинг и реклама другое
Periscope;Продажи, маркетинг и реклама другое
PowerPoint эксперты;Продажи, маркетинг и реклама другое
PR-менеджмент;Продажи, маркетинг и реклама другое
SEMrush;Продажи, маркетинг и реклама другое
SendGrid;Продажи, маркетинг и реклама другое
SEOMoz;Продажи, маркетинг и реклама другое
Sprout;Продажи, маркетинг и реклама другое
Бизнес-коучи;Продажи, маркетинг и реклама другое
Бизнес-планы;Продажи, маркетинг и реклама другое
Визуальный мерчандайзинг;Продажи, маркетинг и реклама другое
Исследования;Продажи, маркетинг и реклама другое
Исследования рынка и опросы;Продажи, маркетинг и реклама другое
Капельная рассылка;Продажи, маркетинг и реклама другое
Креатив;Продажи, маркетинг и реклама другое
Медиапланирование;Продажи, маркетинг и реклама другое
Организация мероприятий;Продажи, маркетинг и реклама другое
Покупатели СМИ;Продажи, маркетинг и реклама другое
Профессионалы по теглайнам;Продажи, маркетинг и реклама другое
Прямая рассылка;Продажи, маркетинг и реклама другое
Специалисты по связям с общественностью;Продажи, маркетинг и реклама другое
Телемаркетологи;Продажи, маркетинг и реклама другое
Хакеры роста;Продажи, маркетинг и реклама другое
SEO-тексты;Тексты и наполнение сайта
Аудит контента;Тексты и наполнение сайта
Карточки товаров;Тексты и наполнение сайта
Комментарии;Тексты и наполнение сайта
Копирайтеры;Тексты и наполнение сайта
Корректура;Тексты и наполнение сайта
Онлайн писатели;Тексты и наполнение сайта
Писатели блогов;Тексты и наполнение сайта
Написание контента;Тексты и наполнение сайта
Писатели описаний продуктов;Тексты и наполнение сайта
Писатели электронных книг;Тексты и наполнение сайта
Рерайтинг статей;Тексты и наполнение сайта
Составители заголовков;Тексты и наполнение сайта
Составители пресс-релизов;Тексты и наполнение сайта
Специалисты по контенту для социальных сетей;Тексты и наполнение сайта
Статьи;Тексты и наполнение сайта
Сценарии;Тексты и наполнение сайта
Художественные тексты;Тексты и наполнение сайта
С аудио/видео;Набор текста
С изображений;Набор текста
Онлайн;Набор текста
Деловое письмо;Продающие и бизнес тексты
Коммерческие предложения;Продающие и бизнес тексты
Меткие фразы;Продающие и бизнес тексты
Нейминг и слоганы;Продающие и бизнес тексты
Посты для соцсетей;Продающие и бизнес тексты
Продающие тексты;Продающие и бизнес тексты
Резюме и вакансии;Продающие и бизнес тексты
Реклама и email;Продающие и бизнес тексты
Скрипты продаж и выступлений;Продающие и бизнес тексты
Сопроводительные письма для бизнеса;Продающие и бизнес тексты
Картография и карты;Тексты другие специализации
Копирайтинг текстов;Тексты другие специализации
Новости/Пресс-релизы;Тексты другие специализации
Постинг;Тексты другие специализации
Редактирование/Корректура;Тексты другие специализации
Рерайтинг;Тексты другие специализации
Рефераты/Курсовые/Дипломы;Тексты другие специализации
Сканирование и распознавание;Тексты другие специализации
Создание субтитров;Тексты другие специализации
Стихи/Поэмы/Эссе;Тексты другие специализации
Тексты на иностранных языках;Тексты другие специализации
Тексты/Речи/Рапорты;Тексты другие специализации
ТЗ/Помощь/Мануал;Тексты другие специализации
Писатели эссе;Академическое (научное) письмо
Специалисты по академическому письму;Академическое (научное) письмо
Специалисты по курсам;Академическое (научное) письмо
Аналитики маркетинговых исследований;Составление контента
Бета-ридер;Составление контента
Исследователи;Составление контента
Комедийные тексты;Составление контента
Медицинские писатели;Составление контента
Писатели;Составление контента
Писатели биографий;Составление контента
Писатели моды;Составление контента
Писатели писем;Составление контента
Писатели резюме;Составление контента
Писатели-призраки;Составление контента
Рецензенты книг;Составление контента
Сопроводительные письма;Составление контента
Составители бизнес-планов;Составление контента
Составители описаний вакансий;Составление контента
Специалисты по исследованиям для контента;Составление контента
Юридический контент;Составление контента
Комедийные писатели;Творческое письмо
Писатели книг;Творческое письмо
Писатели коротких рассказов;Творческое письмо
Продюсер подкастинга;Творческое письмо
Профессионалы в области прямого издательства Kindle;Творческое письмо
Профессионалы по написанию сценариев;Творческое письмо
Сценаристы;Творческое письмо
Сценаристы выступлений;Творческое письмо
Творческие писатели;Творческое письмо
Художники по раскадровке;Творческое письмо
Книжные редакторы;Редактирование и корректура
Копировальные редакторы;Редактирование и корректура
Корректоры;Редактирование и корректура
Редакторы;Редактирование и корректура
Составители белых книг;Техническое письмо
Составители исследовательских работ;Техническое письмо
Технические писатели;Техническое письмо
Авторы грантов;Писательство и переводы другие
Авторы статей;Писательство и переводы другие
Блоггеры;Писательство и переводы другие
Журналисты;Писательство и переводы другие
Книжное обозрение;Писательство и переводы другие
Составители обзоров;Писательство и переводы другие
Специалисты по LinkedIn;Писательство и переводы другие
Специалисты по Википедии;Писательство и переводы другие
Транскрибаторы;Писательство и переводы другие
Корреспонденция/Деловая переписка;Перевод
Локализация ПО, сайтов и игр;Перевод
Перевод игры;Перевод
Перевод текстов общей тематики;Перевод
Редактирование переводов;Перевод
Технический перевод;Перевод
Устный перевод;Перевод
Художественный перевод;Перевод
Албанский;Перевод
Американский язык жестов;Перевод
Английская грамматика;Перевод
Английский (Великобритания);Перевод
Английский (США);Перевод
Английский язык правописание;Перевод
Арабский;Перевод
Армянский;Перевод
Африкаанс;Перевод
Баскский;Перевод
Бенгальский;Перевод
Болгарский;Перевод
Боснийский;Перевод
Бретонский;Перевод
Валлийский;Перевод
Венгерский;Перевод
Вьетнамский;Перевод
Голландский;Перевод
Греческий;Перевод
Грузинский;Перевод
Гуджрати;Перевод
Дари;Перевод
Датский;Перевод
Динка;Перевод
Иврит;Перевод
Идиш;Перевод
Индонезийский;Перевод
Ирландский;Перевод
Исландский;Перевод
Испанский;Перевод
Итальянский;Перевод
Йоруба;Перевод
Канадский французский;Перевод
Каннада;Перевод
Карельский;Перевод
Кастильский испанский;Перевод
Каталонский;Перевод
Корейский;Перевод
Латинский;Перевод
Латышский;Перевод
Лингвистика;Перевод
Литовский;Перевод
Македонский;Перевод
Малайский;Перевод
Малаялам;Перевод
Мальтийский;Перевод
Маратхи;Перевод
Немецкий;Перевод
Непальский;Перевод
Норвежский;Перевод
Панджаби;Перевод
Польский;Перевод
Португальский;Перевод
Португальский (Бразилия);Перевод
Поэтический;Перевод
Пушту;Перевод
Румынский;Перевод
Русский;Перевод
Саамы;Перевод
Сербский;Перевод
Сербско-хорватский;Перевод
Сингальский;Перевод
Словацкий;Перевод
Словенский;Перевод
Суахили;Перевод
Субтитры и подписи;Перевод
Тайский;Перевод
Тамильский;Перевод
Телугу;Перевод
Традиционный китайский (Гонконг);Перевод
Традиционный китайский (Тайвань);Перевод
Турецкий;Перевод
Украинец;Перевод
Упрощенный китайский;Перевод
Урду;Перевод
Устный переводчик;Перевод
Филиппинский;Перевод
Финский;Перевод
Французский;Перевод
Хинди;Перевод
Хорватский;Перевод
Черногорский;Перевод
Чешский;Перевод
Шведский;Перевод
Эстонский;Перевод
Японский;Перевод
Менеджеры по работе с клиентами;Обслуживание клиентов
Менеджеры по работе с социальными сетями;Обслуживание клиентов
Обработчики электронной почты;Обслуживание клиентов
Представители по работе с клиентами;Обслуживание клиентов
Представители службы поддержки клиентов;Обслуживание клиентов
Консультант по Mailchimp;Обслуживание клиентов
Специалисты по Zendesk;Обслуживание клиентов
Специалисты по видеоконференциям Zoom;Обслуживание клиентов
Специалисты по поддержке чатов;Обслуживание клиентов
Эксперты по Salesforce;Обслуживание клиентов
Adobe PDF эксперты ;Ввод данных
Google Sheets эксперты ;Ввод данных
Архитектура данных;Ввод данных
Аудиторы;Ввод данных
Извлечение данных;Ввод данных
Конвертеры PDF;Ввод данных
Обработка данных;Ввод данных
Очистка данных;Ввод данных
Предоставление данных;Ввод данных
Проектирование баз данных;Ввод данных
Скреперы данных;Ввод данных
Сокращение данных;Ввод данных
Специалисты по Excel;Ввод данных
Специалисты по вводу данных;Ввод данных
Специалисты по добыче данных;Ввод данных
Специалисты по конвертации документов;Ввод данных
Специалисты по сбору данных;Ввод данных
Специалисты по таблицам;Ввод данных
Типировщики;Ввод данных
ABBYY FineReader Распознавание текста;Администрирование
ANOVA;Администрирование
BPO;Администрирование
Call-центр;Администрирование
ePub;Администрирование
Excel;Администрирование
Excel VB Возможности;Администрирование
Excel VBA;Администрирование
Excel Макросы;Администрирование
Google Электронные таблицы;Администрирование
Helpdesk;Администрирование
LibreOffice;Администрирование
Microsoft Office;Администрирование
Microsoft Outlook;Администрирование
Microsoft Word;Администрирование
PostgreSQL Администрирование;Администрирование
Powerpoint Дизайн инфографики и слайдов;Администрирование
Qlik;Администрирование
Qwerty;Администрирование
SAP Управление основными данными;Администрирование
Typeform;Администрирование
Академическое администрирование;Администрирование
Бухгалтерский учет;Администрирование
Веб-поиск;Администрирование
Загрузка видео;Администрирование
Закупки;Администрирование
Инвестиционные исследования;Администрирование
Качественные исследования;Администрирование
Модерация телеграмм;Администрирование
Набор текста;Администрирование
Обработка заказов;Администрирование
Обработка телефонных звонков;Администрирование
Обработка электронной почты;Администрирование
Обслуживание клиентов;Администрирование
Общий офис;Администрирование
Ответы на телефонные звонки;Администрирование
Отправка статей;Администрирование
Поддержка клиентов;Администрирование
Поддержка рабочего стола;Администрирование
Программная документация;Администрирование
Реляционные базы данных;Администрирование
Телефонная поддержка;Администрирование
Техническая поддержка;Администрирование
Microsoft Office Эксперты ;Персональные / Виртуальные помощники
Microsoft Word Эксперты ;Персональные / Виртуальные помощники
Агенты колл-центра;Персональные / Виртуальные помощники
Административные помощники;Персональные / Виртуальные помощники
Ассистенты руководителей;Персональные / Виртуальные помощники
Виртуальные ассистенты;Персональные / Виртуальные помощники
Закрытые субтитры;Персональные / Виртуальные помощники
Медицинские транскрипторы;Персональные / Виртуальные помощники
Персональные ассистенты;Персональные / Виртуальные помощники
Расстановщики назначений;Персональные / Виртуальные помощники
Рекрутеры и консультанты по подбору персонала;Персональные / Виртуальные помощники
Специалисты по выгрузке продукции;Персональные / Виртуальные помощники
Специалисты по исследованиям;Персональные / Виртуальные помощники
Стенографисты;Персональные / Виртуальные помощники
Транскрипторы;Персональные / Виртуальные помощники
Холодные звонки;Персональные / Виртуальные помощники
Веб-исследователи;Веб-исследования и постинг
Веб-скраперы;Веб-исследования и постинг
Интернет-исследователи;Веб-исследования и постинг
Маркетологи eBay;Веб-исследования и постинг
Проверка фактов;Веб-исследования и постинг
Составители листингов eBay;Веб-исследования и постинг
Специалисты по администрированию Etsy;Веб-исследования и постинг
Эксперты по оптимизации листинга Amazon;Веб-исследования и постинг
Готовые базы;Базы данных и клиентов
Проверка, чистка базы;Базы данных и клиентов
Сбор данных;Базы данных и клиентов
Бухгалтеры операционный учет;Административная и клиентская поддержка другие
Дизайнеры презентаций ;Административная и клиентская поддержка другие
Медицинские кодеры, биллеры;Административная и клиентская поддержка другие
Менеджеры по организации мероприятий;Административная и клиентская поддержка другие
Планировщики мероприятий;Административная и клиентская поддержка другие
Планировщики путешествий;Административная и клиентская поддержка другие
Специалисты по Google Slides;Административная и клиентская поддержка другие
Специалисты по PowerPoint;Административная и клиентская поддержка другие
Intuit TurboTax Специалисты ;Бухгалтерия
QuickBooks Консультанты;Бухгалтерия
Sage 50 Специалисты по бухгалтерскому учету ;Бухгалтерия
Wave Специалисты по бухгалтерскому учету ;Бухгалтерия
Xero Специалисты ;Бухгалтерия
Бухгалтеры операционного учета;Бухгалтерия
Бухгалтеры сертифицированные;Бухгалтерия
Менеджеры по работе с дебиторской задолженностью;Бухгалтерия
Менеджеры по работе с кредиторской задолженностью;Бухгалтерия
Сертифицированные общественные бухгалтеры;Бухгалтерия
Специалисты по обработке платежных ведомостей;Бухгалтерия
Специалисты по подготовке налогов;Бухгалтерия
Финансовые бухгалтеры;Бухгалтерия
Excel Эксперты;Управление бизнесом
Аналитики по исследованию рынка;Управление бизнесом
Бизнес-аналитики;Управление бизнесом
Бизнес-консультанты;Управление бизнесом
Бизнес-менеджеры;Управление бизнесом
Бизнес-планировщики;Управление бизнесом
Консультанты;Управление бизнесом
Консультанты по стартапам;Управление бизнесом
Консультанты по управлению;Управление бизнесом
Консультанты по управлению цепочками поставок;Управление бизнесом
Менеджеры по контрактам;Управление бизнесом
Менеджеры программ;Управление бизнесом
Менеджеры проектов;Управление бизнесом
Операционные менеджеры;Управление бизнесом
Разработчики бизнес-аналитики;Управление бизнесом
Специалисты по корпоративной стратегии;Управление бизнесом
Специалисты по оценке бизнеса;Управление бизнесом
Специалисты по развитию бизнеса;Управление бизнесом
Специалисты по тестированию производительности;Управление бизнесом
Специалисты по экономике;Управление бизнесом
Специалисты по электронной коммерции;Управление бизнесом
Специалисты по электронным таблицам;Управление бизнесом
Юридические специалисты по контрактам;Управление бизнесом
Oracle  Специалисты по финансовым приложениям;Финансы
Инвестиционные банкиры;Финансы
Инвестиционные менеджеры;Финансы
Консультанты по венчурному капиталу;Финансы
Консультанты по привлечению средств;Финансы
Криптовалютные профессионалы;Финансы
Специалисты по контролю за документацией;Финансы
Специалисты по краудфандингу в финансах;Финансы
Специалисты по проектному финансированию;Финансы
Специалисты по работе с финансовыми инструментами;Финансы
Специалисты по управлению рисками;Финансы
Финансовые аналитики;Финансы
Финансовые менеджеры;Финансы
Финансовые моделисты;Финансы
Финансовые планировщики;Финансы
Форекс-трейдеры;Финансы
BIM-специалисты;Архитектура
Архитекторы;Архитектура
Дизайнеры интерьера архитектуры;Архитектура
Дизайнеры по освещению;Архитектура
Дизайнеры поэтажных планов;Архитектура
Консультанты по строительству;Архитектура
Ландшафтные дизайнеры архитектура;Архитектура
Специалисты по архитектурному рендерингу;Архитектура
Специалисты по городскому планированию;Архитектура
Специалисты по гостиничному бизнесу;Архитектура
Специалисты по проектированию кухонь;Архитектура
3D Max Специалисты ;CAD / технические чертежи
3D-моделисты;CAD / технические чертежи
3D-рендеринг Художники ;CAD / технические чертежи
ArchiCAD Проектировщики;CAD / технические чертежи
AutoCAD Чертежники;CAD / технические чертежи
Autodesk Fusion 360 Специалисты ;CAD / технические чертежи
Autodesk Revit Специалисты ;CAD / технические чертежи
CATIA Специалисты ;CAD / технические чертежи
SketchUp Специалисты  ;CAD / технические чертежи
SolidWorks Дизайнеры ;CAD / технические чертежи
Проектировщики изделий;CAD / технические чертежи
Разработчики продуктов;CAD / технические чертежи
САПР Дизайнеры ;CAD / технические чертежи
Специалисты по проектированию литьевых форм;CAD / технические чертежи
Специалисты по черчению;CAD / технические чертежи
Эксперт по 3D-печати;CAD / технические чертежи
Автомобильные инженеры;Специалисты-инженеры
Инженерные консультанты;Специалисты-инженеры
Инженеры по аэрокосмической технике;Специалисты-инженеры
Инженеры по робототехнике;Специалисты-инженеры
Инженеры-механики;Специалисты-инженеры
Инженеры-строители;Специалисты-инженеры
Инженеры-химики;Специалисты-инженеры
Инженеры-электрики;Специалисты-инженеры
Программисты Arduino;Специалисты-инженеры
Программисты ЧПУ;Специалисты-инженеры
Проектировщики печатных плат;Специалисты-инженеры
Промышленные дизайнеры;Специалисты-инженеры
Разработчики географических информационных систем (ГИС);Специалисты-инженеры
Специалисты по вычислительной гидродинамике (CFD);Специалисты-инженеры
Специалисты по инженерным чертежам;Специалисты-инженеры
802.11 стандарты беспроводной связи с использованием радиоволн;Инженерное дело и наука
A&P;Инженерное дело и наука
A1 Assessor;Инженерное дело и наука
AAUS Научный дайвер;Инженерное дело и наука
ABC Анализ;Инженерное дело и наука
Apple Homekit;Инженерное дело и наука
Apple MFI;Инженерное дело и наука
Arduino;Инженерное дело и наука
ARM;Инженерное дело и наука
ASIC;Инженерное дело и наука
AutoCAD;Инженерное дело и наука
Bare Metal;Инженерное дело и наука
BeagleBone Black;Инженерное дело и наука
Bluetooth;Инженерное дело и наука
CAD/CAM;Инженерное дело и наука
Calculus;Инженерное дело и наука
CATIA;Инженерное дело и наука
DDR3 (PCIe, проектирование плат/fpga);Инженерное дело и наука
DesignBuilder;Инженерное дело и наука
DevOps;Инженерное дело и наука
DFM (проектирование для производства);Инженерное дело и наука
DSL/MODEMs;Инженерное дело и наука
FPGA;Инженерное дело и наука
GPS;Инженерное дело и наука
HVAC;Инженерное дело и наука
HyperLynx;Инженерное дело и наука
I2C;Инженерное дело и наука
IMX6;Инженерное дело и наука
IP-ядра;Инженерное дело и наука
LoRa;Инженерное дело и наука
MATLAB;Инженерное дело и наука
Matlab и Mathematica;Инженерное дело и наука
Midjourney;Инженерное дело и наука
PCI Express;Инженерное дело и наука
PLC and SCADA;Инженерное дело и наука
Rezence;Инженерное дело и наука
RFID (радиочастотная идентификация);Инженерное дело и наука
RTOS;Инженерное дело и наука
Siemens NX;Инженерное дело и наука
Sigrity;Инженерное дело и наука
Solidworks;Инженерное дело и наука
STM32;Инженерное дело и наука
Verilog / VHDL;Инженерное дело и наука
WiFi;Инженерное дело и наука
Wolfram;Инженерное дело и наука
Yocto;Инженерное дело и наука
Zemax;Инженерное дело и наука
Zigbee;Инженерное дело и наука
Zwave;Инженерное дело и наука
Авиационные системы;Инженерное дело и наука
Авиация;Инженерное дело и наука
Автоматизация роботизированных процессов;Инженерное дело и наука
Автомобильная инженерия;Инженерное дело и наука
Автомобильная промышленность;Инженерное дело и наука
Агрономия;Инженерное дело и наука
Акустическая инженерия;Инженерное дело и наука
Алгоритм;Инженерное дело и наука
Алхимик;Инженерное дело и наука
Анализ конечных элементов;Инженерное дело и наука
Анализ спецификации материалов (BOM);Инженерное дело и наука
Аналог;Инженерное дело и наука
Аналоговые / смешанные сигналы / цифровые;Инженерное дело и наука
Анодирование;Инженерное дело и наука
Антропология;Инженерное дело и наука
Аппаратное обеспечение для видео;Инженерное дело и наука
Астрофизика;Инженерное дело и наука
Аэродромное освещение;Инженерное дело и наука
Аэрокосмическая техника;Инженерное дело и наука
Аэронавтическая инженерия;Инженерное дело и наука
Безопасность;Инженерное дело и наука
Беспилотники;Инженерное дело и наука
Беспроводная зарядка;Инженерное дело и наука
Беспроводная радиочастотная инженерия;Инженерное дело и наука
Беспроводная связь;Инженерное дело и наука
Беспроводные датчики;Инженерное дело и наука
Беспроводные датчики и шлюзы;Инженерное дело и наука
Биология;Инженерное дело и наука
Биомедицинская инженерия;Инженерное дело и наука
Биотехнология;Инженерное дело и наука
Буровая техника;Инженерное дело и наука
Быстрое прототипирование;Инженерное дело и наука
Векторное исчисление;Инженерное дело и наука
Визуализация;Инженерное дело и наука
Водонепроницаемый дизайн (IP68);Инженерное дело и наука
Возобновляемые источники энергии;Инженерное дело и наука
Встраиваемые системы;Инженерное дело и наука
Вычислительная гидродинамика;Инженерное дело и наука
Вычислительная лингвистика;Инженерное дело и наука
Вычислительный анализ;Инженерное дело и наука
Генеалогия;Инженерное дело и наука
Генерация электроэнергии;Инженерное дело и наука
Генетическая инженерия;Инженерное дело и наука
Генетические алгоритмы;Инженерное дело и наука
Геология;Инженерное дело и наука
Геопространство;Инженерное дело и наука
Геотехническая инженерия;Инженерное дело и наука
Глубокое обучение;Инженерное дело и наука
Горное машиностроение;Инженерное дело и наука
Гражданское строительство;Инженерное дело и наука
Графический интерфейс пользователя (GUI);Инженерное дело и наука
Движители летательных аппаратов;Инженерное дело и наука
Дистанционное зондирование;Инженерное дело и наука
Добыча данных;Инженерное дело и наука
Естественный язык;Инженерное дело и наука
Завершение срока службы продукции (EOL);Инженерное дело и наука
Зарядка и аккумуляторы;Инженерное дело и наука
Здоровье;Инженерное дело и наука
Изометрия;Инженерное дело и наука
ИИ (искусственный интеллект) HW/SW;Инженерное дело и наука
Инженер по данным;Инженерное дело и наука
Инженерия смешивания;Инженерное дело и наука
Инженерия управления;Инженерное дело и наука
Инженерная математика;Инженерное дело и наука
Инженерное черчение;Инженерное дело и наука
Инжиниринг процессов;Инженерное дело и наука
Интерком;Инженерное дело и наука
Интернет вещей (IoT);Инженерное дело и наука
Испытания HALT/HASS;Инженерное дело и наука
Калибровка ISO/IEC 17025;Инженерное дело и наука
Квант;Инженерное дело и наука
Квантовые вычисления;Инженерное дело и наука
Климатические науки;Инженерное дело и наука
Кодирование FPGA;Инженерное дело и наука
Комбинаторная оптимизация;Инженерное дело и наука
Комбинаторное решение проблем;Инженерное дело и наука
Коммуникация ближнего поля (NFC);Инженерное дело и наука
Комплаенс-инжиниринг;Инженерное дело и наука
Компонентный инжиниринг;Инженерное дело и наука
Конструкции летательных аппаратов;Инженерное дело и наука
Криптография;Инженерное дело и наука
Линейное программирование;Инженерное дело и наука
Локальная межсетевая связь (LIN);Инженерное дело и наука
Макетирование печатных плат;Инженерное дело и наука
Математика;Инженерное дело и наука
Материаловедение;Инженерное дело и наука
Машинное зрение / видеоаналитика;Инженерное дело и наука
Машинное обучение (ML);Инженерное дело и наука
Машиностроение;Инженерное дело и наука
Медицина;Инженерное дело и наука
Медицинская инженерия;Инженерное дело и наука
Медицинские изделия;Инженерное дело и наука
Механическая инженерия;Инженерное дело и наука
Механическое проектирование;Инженерное дело и наука
Мехатроника;Инженерное дело и наука
Микробиология;Инженерное дело и наука
Микроконтроллер;Инженерное дело и наука
Микростанция;Инженерное дело и наука
Моделирование;Инженерное дело и наука
Модули сотовой связи;Инженерное дело и наука
Модуль Bluetooth;Инженерное дело и наука
Морская инженерия;Инженерное дело и наука
МЭМС;Инженерное дело и наука
Нанотехнологии;Инженерное дело и наука
Наука о данных;Инженерное дело и наука
Науки о человеке;Инженерное дело и наука
Научные вычисления;Инженерное дело и наука
Научные исследования;Инженерное дело и наука
Нейронные сети;Инженерное дело и наука
Непрерывная интеграция;Инженерное дело и наука
Нефтяное машиностроение;Инженерное дело и наука
Обзор схем;Инженерное дело и наука
Облачный сервис;Инженерное дело и наука
Обнаружение аномалий;Инженерное дело и наука
Обработка сигналов;Инженерное дело и наука
Оперативное проектирование;Инженерное дело и наука
Оптимизация спецификации материалов (BOM);Инженерное дело и наука
Оптическая инженерия;Инженерное дело и наука
Открытый искусственный интеллект;Инженерное дело и наука
Оценка;Инженерное дело и наука
Оценка спецификации материалов (BOM);Инженерное дело и наука
Очень крупномасштабная интеграция (VLSI);Инженерное дело и наука
Пакет поддержки платы (BSP);Инженерное дело и наука
Перепроектирование электропитания;Инженерное дело и наука
Планер самолета;Инженерное дело и наука
Планирование проектов;Инженерное дело и наука
Пограничные вычисления;Инженерное дело и наука
Полупроводник;Инженерное дело и наука
Последовательный периферийный интерфейс (SPI);Инженерное дело и наука
Потребительские продукты;Инженерное дело и наука
Преобразователи мощности;Инженерное дело и наука
Приборостроение;Инженерное дело и наука
Приводы переменного тока;Инженерное дело и наука
Приложения для обеспечения искробезопасности;Инженерное дело и наука
Приложения для смартфонов/планшетов;Инженерное дело и наука
Программирование RUST;Инженерное дело и наука
Проектирование MPSoC;Инженерное дело и наука
Проектирование SoC;Инженерное дело и наука
Проектирование антенн;Инженерное дело и наука
Проектирование возобновляемых источников энергии;Инженерное дело и наука
Проектирование гибких схем;Инженерное дело и наука
Проектирование дома;Инженерное дело и наука
Проектирование и компоновка печатных плат;Инженерное дело и наука
Проектирование микросхем;Инженерное дело и наука
Проектирование надежности объектов;Инженерное дело и наука
Проектирование производства;Инженерное дело и наука
Проектирование серфбордов;Инженерное дело и наука
Проектирование систем управления;Инженерное дело и наука
Производственный инжиниринг;Инженерное дело и наука
Промышленная инженерия;Инженерное дело и наука
РАДАР/ЛИДАР;Инженерное дело и наука
Радиовещательная техника;Инженерное дело и наука
Радиомодуль ISM;Инженерное дело и наука
Радиочастотная инженерия;Инженерное дело и наука
Радиочастоты;Инженерное дело и наука
Расчет тепловой нагрузки;Инженерное дело и наука
Раш-анализ;Инженерное дело и наука
Решения для виртуальных помощников (Alexa, Google, Siri, Home Kit, Cortana);Инженерное дело и наука
Робототехника;Инженерное дело и наука
Робототехника и когнитивная автоматизация;Инженерное дело и наука
Сертификация DO-178;Инженерное дело и наука
Сертификация DO-254;Инженерное дело и наука
Сертификация беспроводных устройств (CSA, FCC, IEC, FAA, IEEE, CE, Atex);Инженерное дело и наука
Сертифицировано Anritsu;Инженерное дело и наука
Сети контроллеров (CAN);Инженерное дело и наука
Системная инженерия;Инженерное дело и наука
Системы аварийной сигнализации;Инженерное дело и наука
СМАРТ Сити;Инженерное дело и наука
Солнечные батареи;Инженерное дело и наука
Сотовый дизайн;Инженерное дело и наука
Сотовый сервис;Инженерное дело и наука
Статистика;Инженерное дело и наука
Статистический анализ;Инженерное дело и наука
Статистическое моделирование;Инженерное дело и наука
Строительная инженерия;Инженерное дело и наука
Строительный инжиниринг;Инженерное дело и наука
Строительный мониторинг;Инженерное дело и наука
Структурная инженерия;Инженерное дело и наука
Схемотехника;Инженерное дело и наука
Текстильное машиностроение;Инженерное дело и наука
Телекоммуникации;Инженерное дело и наука
Телекоммуникационная техника;Инженерное дело и наука
Телекоммуникационные технологии;Инженерное дело и наука
Тепловой анализ;Инженерное дело и наука
Тепловые и экологические испытания;Инженерное дело и наука
Тестирование качества и надежности;Инженерное дело и наука
Специалист Технологиям;Инженерное дело и наука
Умное освещение;Инженерное дело и наука
Управление аварийной сигнализацией;Инженерное дело и наука
Управление воздушным пространством;Инженерное дело и наука
Управление двигателем;Инженерное дело и наука
Управление продуктами;Инженерное дело и наука
Усилитель мощности RF;Инженерное дело и наука
Устройства голосовой помощи;Инженерное дело и наука
Физика;Инженерное дело и наука
Физика ускорителей;Инженерное дело и наука
Фотограмметрия;Инженерное дело и наука
Химическая инженерия;Инженерное дело и наука
Цифровая криминалистика;Инженерное дело и наука
Цифровая электроника;Инженерное дело и наука
Цифровое кодирование ASIC;Инженерное дело и наука
Цифровой дизайн;Инженерное дело и наука
Цифровые сети;Инженерное дело и наука
Чистые технологии;Инженерное дело и наука
Шифрование;Инженерное дело и наука
Экологический инжиниринг;Инженерное дело и наука
Эксплуатационные характеристики летательных аппаратов;Инженерное дело и наука
Электроника;Инженерное дело и наука
Электронный дизайн;Инженерное дело и наука
Электротехника;Инженерное дело и наука
Энергетика;Инженерное дело и наука
Энергетическое моделирование;Инженерное дело и наука
Энергоснабжение;Инженерное дело и наука
Биологи;Инжиниринг и архитектура другие
Водоснабжение/Канализация;Инжиниринг и архитектура другие
Газоснабжение;Инжиниринг и архитектура другие
Геологи;Инжиниринг и архитектура другие
Инженеры по машинному обучению;Инжиниринг и архитектура другие
Конструкции;Инжиниринг и архитектура другие
Математики;Инжиниринг и архитектура другие
Отопление/Вентиляция;Инжиниринг и архитектура другие
Работа в сфере контрактного производства;Инжиниринг и архитектура другие
Работа в сфере скетчинга;Инжиниринг и архитектура другие
Работа по управлению контрактами;Инжиниринг и архитектура другие
Работа репетитора по математике;Инжиниринг и архитектура другие
Разработка радиоэлектронных систем;Инжиниринг и архитектура другие
Разработчики MATLAB;Инжиниринг и архитектура другие
Разработчики алгоритмов;Инжиниринг и архитектура другие
Слаботочные сети/Автоматизация;Инжиниринг и архитектура другие
Сметы;Инжиниринг и архитектура другие
Специалисты фармацевтической промышленности;Инжиниринг и архитектура другие
Статистические аналитики;Инжиниринг и архитектура другие
Технология;Инжиниринг и архитектура другие
Химики;Инжиниринг и архитектура другие
Чертежи/Схемы;Инжиниринг и архитектура другие
Эксперты Excel;Инжиниринг и архитектура другие
Электрика;Инжиниринг и архитектура другие
Договорные менеджеры;Бизнес и корпоративное право
Налоговые консультанты;Бизнес и корпоративное право
Профессионалы в области делового права;Бизнес и корпоративное право
Профессионалы в области торгового права;Бизнес и корпоративное право
Профессионалы в области трудового права;Бизнес и корпоративное право
Профессионалы по партнерским соглашениям;Бизнес и корпоративное право
Составители договоров;Бизнес и корпоративное право
Специалисты по банкротству;Бизнес и корпоративное право
Специалисты по договорному праву;Бизнес и корпоративное право
Специалисты по защите прав потребителей;Бизнес и корпоративное право
Специалисты по корпоративному праву;Бизнес и корпоративное право
Специалисты по лицензированию брендов;Бизнес и корпоративное право
Специалисты по налоговым стратегиям;Бизнес и корпоративное право
Специалисты по соблюдению нормативных требований;Бизнес и корпоративное право
Специалисты по трастам, эстампам и завещаниям;Бизнес и корпоративное право
HIPAA  Специалисты ;Главный юрисконсульт
Международные юристы;Главный юрисконсульт
Профессионалы в области гражданского права;Главный юрисконсульт
Специалисты по иммиграционному праву;Главный юрисконсульт
Специалисты по семейному праву;Главный юрисконсульт
Специалисты по судебным разбирательствам;Главный юрисконсульт
Специалисты по уголовному праву;Главный юрисконсульт
Экологические юристы;Главный юрисконсульт
Юридические специалисты в области медицины;Главный юрисконсульт
Юридические специалисты по недвижимости;Главный юрисконсульт
Консультанты по товарным знакам;Право интеллектуальной собственности
Специалисты по авторскому праву;Право интеллектуальной собственности
Специалисты по лицензированию;Право интеллектуальной собственности
Специалисты по патентному поиску;Право интеллектуальной собственности
Специалисты по патентному праву;Право интеллектуальной собственности
Юридические специалисты по интеллектуальной собственности;Право интеллектуальной собственности
Арбитражные адвокаты и юристы;Юридическая помощь
Параюристы Профессионалы;Юридическая помощь
Помощники юристов;Юридическая помощь
Профессионалы по составлению резюме показаний;Юридическая помощь
Специалисты по нотариату;Юридическая помощь
Юридические исследователи;Юридическая помощь
Юридические консультанты;Юридическая помощь
Юридические переводчики;Юридическая помощь
Юридические писатели;Юридическая помощь
Юридические транскрипторы;Юридическая помощь
Карьерные консультанты;Бизнес и финансы
Мотивационные спикеры;Бизнес и финансы
Ораторы;Бизнес и финансы
Специалисты по обучению и развитию;Бизнес и финансы
Тренеры для руководителей;Бизнес и финансы
Специалисты по Articulate;Кадры и рекрутинг
HR-консультанты;Кадры и рекрутинг
Интервьюеры;Кадры и рекрутинг
Консультанты по компенсациям;Кадры и рекрутинг
Менеджеры по персоналу;Кадры и рекрутинг
Рекрутеры;Кадры и рекрутинг
Рекрутеры LinkedIn;Кадры и рекрутинг
Составители должностных инструкций;Кадры и рекрутинг
Специалисты SAP SuccessFactors программы по управлению персоналом;Кадры и рекрутинг
Специалисты по ISO 9000;Кадры и рекрутинг
Специалисты по QHSE;Кадры и рекрутинг
Специалисты по Workday;Кадры и рекрутинг
Специалисты по безопасности и охране труда;Кадры и рекрутинг
Специалисты по булевому поиску;Кадры и рекрутинг
Специалисты по вовлечению сотрудников;Кадры и рекрутинг
Специалисты по информационным системам управления персоналом;Кадры и рекрутинг
Специалисты по кадровой политике;Кадры и рекрутинг
Специалисты по обучению;Кадры и рекрутинг
Специалисты по онбордингу;Кадры и рекрутинг
Специалисты по оценке компетенций;Кадры и рекрутинг
Специалисты по проведению опросов по вопросам заработной платы;Кадры и рекрутинг
Специалисты по развитию лидерских качеств;Кадры и рекрутинг
Технические рекрутеры;Кадры и рекрутинг
Adobe Captivate Специалисты ;Обучение персонала
Articulate Rise Специалисты  ;Обучение персонала
Articulate Storyline Специалисты ;Обучение персонала
Cisco Certified Network Associate (CCNA);Обучение персонала
LearnDash Специалисты ;Обучение персонала
SCORM Специалисты ;Обучение персонала
Консультанты по вопросам образования;Обучение персонала
Разработчики инструкций;Обучение персонала
Разработчики учебных программ;Обучение персонала
Специалисты по компьютерным навыкам;Обучение персонала
Специалисты по обучению сотрудников;Обучение персонала
Специалисты по ораторскому мастерству;Обучение персонала
Специалисты по системам управления обучением (LMS);Обучение персонала
Специалисты по электронному обучению;Обучение персонала
Арт-директор;Специализации по менеджменту
Менеджер по персоналу;Специализации по менеджменту
Менеджер по продажам;Специализации по менеджменту
Менеджер проектов;Специализации по менеджменту
Продакт-менеджер;Специализации по менеджменту
Продюсер;Специализации по менеджменту
Управление репутацией онлайн;Специализации по менеджменту
Бизнес-консультирование;Специализации по аутсорсингу и консалтингу
Бухгалтерия;Специализации по аутсорсингу и консалтингу
Ввод и обработка данных/текста;Специализации по аутсорсингу и консалтингу
Виртуальный ассистент;Специализации по аутсорсингу и консалтингу
Дизайн/Арт;Специализации по аутсорсингу и консалтингу
Кадровый учет и зарплата;Специализации по аутсорсингу и консалтингу
Обработка заказов аутсорс;Специализации по аутсорсингу и консалтингу
Обработка писем;Специализации по аутсорсингу и консалтингу
Обработка платежей;Специализации по аутсорсингу и консалтингу
Обслуживание клиентов и поддержка;Специализации по аутсорсингу и консалтингу
Оптимизация (SEO);Специализации по аутсорсингу и консалтингу
Переводы/Тексты;Специализации по аутсорсингу и консалтингу
Поддержка по телефону;Специализации по аутсорсингу и консалтингу
Программирование аутсорс;Специализации по аутсорсингу и консалтингу
Проектное финансирование;Специализации по аутсорсингу и консалтингу
Разработка сайтов;Специализации по аутсорсингу и консалтингу
Реклама/Маркетинг;Специализации по аутсорсингу и консалтингу
Репетиторы / Преподаватели;Специализации по аутсорсингу и консалтингу
Системы управления предприятием (ERP-системы);Специализации по аутсорсингу и консалтингу
Статистический анализ аутсорс;Специализации по аутсорсингу и консалтингу
Техническая поддержка аутсорс;Специализации по аутсорсингу и консалтингу
Финансовый консультант;Специализации по аутсорсингу и консалтингу
Юзабилити;Специализации по аутсорсингу и консалтингу
Юриспруденция;Специализации по аутсорсингу и консалтингу
Гуманитарные дисциплины;Обучение
Видеоблоггерство;Обучение
Иностранные языки;Обучение
Кураторы;Обучение
Методисты;Обучение
Продюсеры курсов;Обучение
Путешествия;Обучение
Рефераты / Курсовые / Дипломы;Обучение
Стилист;Обучение
Технические дисциплины;Обучение


Иностранные языки (английский, французский, немецкий, китайский);Лингвистика - научное изучение языка
Переводчики;Лингвистика - научное изучение языка
Английский обучение;Репетиторы/преподаватели иностранные языки
Древнегреческий обучение;Репетиторы/преподаватели иностранные языки
Испанский обучение;Репетиторы/преподаватели иностранные языки
Итальянский обучение;Репетиторы/преподаватели иностранные языки
Китайский обучение;Репетиторы/преподаватели иностранные языки
Корейский обучение;Репетиторы/преподаватели иностранные языки
Латинский обучение;Репетиторы/преподаватели иностранные языки
Немецкий обучение;Репетиторы/преподаватели иностранные языки
Французский обучение;Репетиторы/преподаватели иностранные языки
Японский обучение;Репетиторы/преподаватели иностранные языки
Информатика;Репетиторы/преподаватели
Математика обучение;Репетиторы/преподаватели
Подготовка к ЕГЭ/ОГЭ;Репетиторы/преподаватели
Русский язык обучение;Репетиторы/преподаватели
Физика обучение;Репетиторы/преподаватели
Детская психология;Психология
Практики успеха;Психология
Психология личности;Психология
Сексология;Психология
Семейные отношения;Психология
Цифровая психология;Психология
Астропрогнозы;Астрология
Гороскопы;Астрология
Консультации;Астрология
Таро;Астрология
Живопись;Классические виды искусства
Актерское мастерство;Классические виды искусства
Рисунок;Классические виды искусства
Скульптура;Классические виды искусства
Театральное искусство;Классические виды искусства
Авторская песня;Музыка и пение
Аккордеон;Музыка и пение
Балалайка;Музыка и пение
Баян;Музыка и пение
Валторна;Музыка и пение
Гитара;Музыка и пение
Гобой;Музыка и пение
Гусли;Музыка и пение
Домбра;Музыка и пение
Клавесин;Музыка и пение
Кларнет;Музыка и пение
Лютня;Музыка и пение
Магдолина;Музыка и пение
Орган;Музыка и пение
Рояль;Музыка и пение
Саксофон;Музыка и пение
Синтезатор;Музыка и пение
Тормбон ;Музыка и пение
Труба;Музыка и пение
Туба;Музыка и пение
Уроки вокала;Музыка и пение
Фагот;Музыка и пение
Флейта;Музыка и пение
Фортепиано ;Музыка и пение
Выживание в экстремальных условиях;ЗОЖ
Дыхательная гимнастика;ЗОЖ
Йога;ЗОЖ
Лечебное голодание;ЗОЖ
Очищение организма;ЗОЖ
Правильное питание;ЗОЖ
Принципы ЗОЖ;ЗОЖ
Сыроедение;ЗОЖ